行,行番,備考,在庫変換データID,変換先フラグ,商品コード,単位,数単位,入数,ケース,商品名/摘要,ロット,個別コード,品質コード,構成数量,規格型番,色,サイズ,数量,単価,金額,生機,反番,枝番,データ,担当,整経,製織,反数,長さ,重量,初反,格付,前処理,出庫日,出庫反数,検査日,パレット,生機ＮＯ,単価,評価下,親ID,日別行
6001,4,,1154,1,5/157796ZD,6,7,,61.1,生機:157796ZD,,6047 ,A,,P100,50M,153,1,20138,20138,157796ZD,6047, ,,L,215739A0,I005 ,1,61.1,16.3, ,A,1000,        ,   ,2017/1/19,1911,157796,,正常,1154,4
6002,5,,1154,1,5/157796ZD,6,7,,61.2,生機:157796ZD,,6048 ,A,,P100,50M,153,1,20138,20138,157796ZD,6048, ,,L,215739A0,I005 ,1,61.2,16.3, ,A,1000,        ,   ,2017/1/19,1911,157796,,正常,1154,5
6003,6,,1154,1,5/157796ZD,6,7,,61,生機:157796ZD,,6049 ,A,,P100,50M,153,1,20138,20138,157796ZD,6049, ,,L,215739A0,I005 ,1,61,16.3, ,A,1000,        ,   ,2017/1/19,1911,157796,,正常,1154,6
6004,7,,1154,1,5/157796ZF,6,7,,61.2,生機:157796ZF,,6099 ,A,,P100,50M,153,1,20138,20138,157796ZF,6099, ,,L,215739B1,I053 ,1,61.2,16.2, ,A,1000,        ,   ,2017/1/19,1303,157796,,正常,1154,7
6005,8,,1154,1,5/157796ZF,6,7,,61.1,生機:157796ZF,,6100 ,A,,P100,50M,153,1,20138,20138,157796ZF,6100, ,,L,215739B1,I053 ,1,61.1,16.1, ,A,1000,        ,   ,2017/1/19,1303,157796,,正常,1154,8
6006,9,,1154,1,5/157796ZF,6,7,,61.2,生機:157796ZF,,6101 ,A,,P100,50M,153,1,20138,20138,157796ZF,6101, ,,L,215739B1,I053 ,1,61.2,16.2, ,A,1000,        ,   ,2017/1/19,1303,157796,,正常,1154,9
6007,10,,1154,1,5/157796ZF,6,7,,61.1,生機:157796ZF,,6102 ,A,,P100,50M,153,1,20138,20138,157796ZF,6102, ,,L,215739B1,I053 ,1,61.1,16.1, ,A,1000,        ,   ,2017/1/19,1303,157796,,正常,1154,10
6008,1,,1155,1,5/135521LD,6,7,,56.8,生機:135521LD,,6014 ,A,,P73/R14/N13,50M,148,1,23740.1,23740,135521LD,6014, ,,L,115740A0,I077 ,1,56.8,15.3, ,A,1000,        ,   ,2017/1/20,1918,135521,,正常,1155,1
6009,2,,1155,1,5/135521LD,6,7,,57,生機:135521LD,,6015 ,A,,P73/R14/N13,50M,148,1,23740.1,23740,135521LD,6015, ,,L,115740A0,I077 ,1,57,15.4, ,A,1000,        ,   ,2017/1/20,1918,135521,,正常,1155,2
6010,3,,1155,1,5/157796ZD,6,7,,61.6,生機:157796ZD,,6050 ,B,,P100,50M,153,1,20138,20138,157796ZD,6050, ,,L,215739A0,I005 ,1,61.6,16.4, ,B,1000,        ,   ,2017/1/20,1911,157796,,正常,1155,3
6011,4,,1155,1,5/157796ZD,6,7,,61.1,生機:157796ZD,,6051 ,A,,P100,50M,153,1,20138,20138,157796ZD,6051, ,,L,215739A0,I005 ,1,61.1,16.3, ,A,1000,        ,   ,2017/1/20,1911,157796,,正常,1155,4
6012,5,,1155,1,5/157796ZD,6,7,,60.6,生機:157796ZD,,6052 ,A,,P100,50M,153,1,20138,20138,157796ZD,6052, ,,L,215739A0,I005 ,1,60.6,16.2, ,A,1000,        ,   ,2017/1/20,1911,157796,,正常,1155,5
6013,6,,1155,1,5/157796ZD,6,7,,61,生機:157796ZD,,6053 ,A,,P100,50M,153,1,20138,20138,157796ZD,6053, ,,L,215739A0,I005 ,1,61,16.3, ,A,1000,        ,   ,2017/1/20,1911,157796,,正常,1155,6
6014,7,,1155,1,5/157796ZF,6,7,,61.3,生機:157796ZF,,6103 ,A,,P100,50M,153,1,20138,20138,157796ZF,6103, ,,L,215739B1,I053 ,1,61.3,16.2, ,A,1000,        ,   ,2017/1/20,1303,157796,,正常,1155,7
6015,8,,1155,1,5/157796ZF,6,7,,61.1,生機:157796ZF,,6104 ,A,,P100,50M,153,1,20138,20138,157796ZF,6104, ,,L,215739B1,I053 ,1,61.1,16.1, ,A,1000,        ,   ,2017/1/20,1303,157796,,正常,1155,8
6016,1,,1156,1,5/135521LD,6,7,,56.8,生機:135521LD,,6016 ,A,,P73/R14/N13,50M,148,1,23740.1,23740,135521LD,6016, ,,L,115740A0,I077 ,1,56.8,15.3, ,A,1000,        ,   ,2017/1/21,1918,135521,,正常,1156,1
6017,2,,1156,1,5/135521LD,6,7,,57,生機:135521LD,,6017 ,A,,P73/R14/N13,50M,148,1,23740.1,23740,135521LD,6017, ,,L,115740A0,I077 ,1,57,15.4, ,A,1000,        ,   ,2017/1/21,1918,135521,,正常,1156,2
6018,3,,1156,1,5/135521LD,6,7,,57.2,生機:135521LD,,6018 ,A,,P73/R14/N13,50M,148,1,23740.1,23740,135521LD,6018, ,,L,115740A0,I077 ,1,57.2,15.4, ,A,1000,        ,   ,2017/1/21,1918,135521,,正常,1156,3
6019,4,,1156,1,5/135521LD,6,7,,56.9,生機:135521LD,,6019 ,A,,P73/R14/N13,50M,148,1,23740.1,23740,135521LD,6019, ,,L,115740A0,I077 ,1,56.9,15.4, ,A,1000,        ,   ,2017/1/21,1918,135521,,正常,1156,4
6020,5,,1156,1,5/157796ZD,6,7,,61.2,生機:157796ZD,,6054 ,A,,P100,50M,153,1,20138,20138,157796ZD,6054, ,,L,215739A0,I005 ,1,61.2,16.3, ,A,1000,        ,   ,2017/1/21,1911,157796,,正常,1156,5
6021,6,,1156,1,5/157796ZD,6,7,,61.1,生機:157796ZD,,6055 ,A,,P100,50M,153,1,20138,20138,157796ZD,6055, ,,L,215739A0,I005 ,1,61.1,16.3, ,A,1000,        ,   ,2017/1/21,1911,157796,,正常,1156,6
6022,7,,1156,1,5/157796ZD,6,7,,61.2,生機:157796ZD,,6056 ,A,,P100,50M,153,1,20138,20138,157796ZD,6056, ,,L,215739A0,I005 ,1,61.2,16.3, ,A,1000,        ,   ,2017/1/21,1011,157796,,正常,1156,7
6023,8,,1156,1,5/157796ZD,6,7,,61.1,生機:157796ZD,,6057 ,A,,P100,50M,153,1,20138,20138,157796ZD,6057, ,,L,215739A0,I005 ,1,61.1,16.3, ,A,1000,        ,   ,2017/1/21,1011,157796,,正常,1156,8
6024,9,,1156,1,5/157796ZF,6,7,,60.5,生機:157796ZF,,6105 ,A,,P100,50M,153,1,20138,20138,157796ZF,6105, ,,L,215739B1,I053 ,1,60.5,16, ,A,1000,        ,   ,2017/1/21,1303,157796,,正常,1156,9
6025,10,,1156,1,5/157796ZF,6,7,,61,生機:157796ZF,,6106 ,A,,P100,50M,153,1,20138,20138,157796ZF,6106, ,,L,215739B1,I053 ,1,61,16.1, ,A,1000,        ,   ,2017/1/21,1303,157796,,正常,1156,10
6026,11,,1156,1,5/157796ZF,6,7,,61.2,生機:157796ZF,,6107 ,A,,P100,50M,153,1,20138,20138,157796ZF,6107, ,,L,215739B1,I053 ,1,61.2,16.2, ,A,1000,        ,   ,2017/1/21,1303,157796,,正常,1156,11
6027,12,,1156,1,5/157796ZF,6,7,,61.1,生機:157796ZF,,6108 ,A,,P100,50M,153,1,20138,20138,157796ZF,6108, ,,L,215739B1,I053 ,1,61.1,16.1, ,A,1000,        ,   ,2017/1/21,1303,157796,,正常,1156,12
6028,1,,1157,1,5/135521LD,6,7,,57.1,生機:135521LD,,6020 ,A,,P73/R14/N13,50M,148,1,23740.1,23740,135521LD,6020, ,,L,115740A0,I077 ,1,57.1,15.4, ,A,1000,        ,   ,2017/1/23,1918,135521,,正常,1157,1
6029,2,,1157,1,5/135521LD,6,7,,57,生機:135521LD,,6021 ,A,,P73/R14/N13,50M,148,1,23740.1,23740,135521LD,6021, ,,L,115740A0,I077 ,1,57,15.4, ,A,1000,        ,   ,2017/1/23,1918,135521,,正常,1157,2
6030,3,,1157,1,5/157796ZD,6,7,,61.2,生機:157796ZD,,6058 ,A,,P100,50M,153,1,20138,20138,157796ZD,6058, ,,L,215739A0,I005 ,1,61.2,16.3, ,A,1000,        ,   ,2017/1/23,1011,157796,,正常,1157,3
6031,4,,1157,1,5/157796ZD,6,7,,61.1,生機:157796ZD,,6059 ,A,,P100,50M,153,1,20138,20138,157796ZD,6059, ,,L,215739A0,I005 ,1,61.1,16.3, ,A,1000,        ,   ,2017/1/23,1011,157796,,正常,1157,4
6032,5,,1157,1,5/157796ZD,6,7,,61.1,生機:157796ZD,,6060 ,A,,P100,50M,153,1,20138,20138,157796ZD,6060, ,,L,215739A0,I005 ,1,61.1,16.3, ,A,1000,        ,   ,2017/1/23,1011,157796,,正常,1157,5
6033,6,,1157,1,5/157796ZF,6,7,,61.3,生機:157796ZF,,6109 ,A,,P100,50M,153,1,20138,20138,157796ZF,6109, ,,L,215739B1,I053 ,1,61.3,16.2, ,A,1000,        ,   ,2017/1/23,1303,157796,,正常,1157,6
6034,7,,1157,1,5/157796ZF,6,7,,61.1,生機:157796ZF,,6110 ,A,,P100,50M,153,1,20138,20138,157796ZF,6110, ,,L,215739B1,I053 ,1,61.1,16.1, ,A,1000,        ,   ,2017/1/23,1303,157796,,正常,1157,7
6035,8,,1157,1,5/157796ZF,6,7,,61.1,生機:157796ZF,,6111 ,A,,P100,50M,153,1,20138,20138,157796ZF,6111, ,,L,215739B1,I053 ,1,61.1,16.1, ,A,1000,        ,   ,2017/1/23,1303,157796,,正常,1157,8
6036,9,,1157,1,5/157796ZF,6,7,,61,生機:157796ZF,,6112 ,A,,P100,50M,153,1,20138,20138,157796ZF,6112, ,,L,215739B1,I053 ,1,61,16.1, ,A,1000,        ,   ,2017/1/23,1303,157796,,正常,1157,9
6037,1,,1158,1,5/135521LD,6,7,,57.2,生機:135521LD,,6022 ,A,,P73/R14/N13,50M,148,1,23740.1,23740,135521LD,6022, ,,L,115740A0,I077 ,1,57.2,15.4, ,A,1000,        ,   ,2017/1/24,1918,135521,,正常,1158,1
6038,2,,1158,1,5/135521LD,6,7,,57.1,生機:135521LD,,6023 ,A,,P73/R14/N13,50M,148,1,23740.1,23740,135521LD,6023, ,,L,115740A0,I077 ,1,57.1,15.4, ,A,1000,        ,   ,2017/1/24,1918,135521,,正常,1158,2
6039,3,,1158,1,5/157796ZF,6,7,,61.2,生機:157796ZF,,6113 ,A,,P100,50M,153,1,20138,20138,157796ZF,6113, ,,L,215739B1,I053 ,1,61.2,16.2, ,A,1000,        ,   ,2017/1/24,1303,157796,,正常,1158,3
6040,4,,1158,1,5/157796ZF,6,7,,61,生機:157796ZF,,6114 ,A,,P100,50M,153,1,20138,20138,157796ZF,6114, ,,L,215739B1,I053 ,1,61,16.1, ,A,1000,        ,   ,2017/1/24,1303,157796,,正常,1158,4
6041,5,,1158,1,5/157796ZF,6,7,,61.2,生機:157796ZF,,6115 ,A,,P100,50M,153,1,20138,20138,157796ZF,6115, ,,L,215739B1,I053 ,1,61.2,16.2, ,A,1000,        ,   ,2017/1/24,1303,157796,,正常,1158,5
6042,6,,1158,1,5/157796ZF,6,7,,61,生機:157796ZF,,6116 ,A,,P100,50M,153,1,20138,20138,157796ZF,6116, ,,L,215739B1,I053 ,1,61,16.1, ,A,1000,        ,   ,2017/1/24,1303,157796,,正常,1158,6
6043,1,,1159,1,5/135521LD,6,7,,57,生機:135521LD,,6025 ,A,,P73/R14/N13,50M,148,1,23740.1,23740,135521LD,6025, ,,L,115740A0,I077 ,1,57,15.4, ,A,1000,        ,   ,2017/1/25,1918,135521,,正常,1159,1
6044,2,,1159,1,5/157796ZF,6,7,,61.2,生機:157796ZF,,6117 ,A,,P100,50M,153,1,20138,20138,157796ZF,6117, ,,L,215739B1,I053 ,1,61.2,16.2, ,A,1000,        ,   ,2017/1/25,1303,157796,,正常,1159,2
6045,3,,1159,1,5/157796ZF,6,7,,61.1,生機:157796ZF,,6118 ,A,,P100,50M,153,1,20138,20138,157796ZF,6118, ,,L,215739B1,I053 ,1,61.1,16.1, ,A,1000,        ,   ,2017/1/25,1303,157796,,正常,1159,3
6046,4,,1159,1,5/157796ZF,6,7,,61.2,生機:157796ZF,,6119 ,A,,P100,50M,153,1,20138,20138,157796ZF,6119, ,,L,215739B1,I053 ,1,61.2,16.2, ,A,1000,        ,   ,2017/1/25,1303,157796,,正常,1159,4
6047,5,,1159,1,5/157796ZF,6,7,,61.2,生機:157796ZF,,6120 ,A,,P100,50M,153,1,20138,20138,157796ZF,6120, ,,L,215739B1,I053 ,1,61.2,16.2, ,A,1000,        ,   ,2017/1/25,1303,157796,,正常,1159,5
6048,1,,1160,1,5/135521LD,6,7,,55.8,生機:135521LD,,6030 ,A,,P73/R14/N13,50M,148,1,23740.1,23740,135521LD,6030, ,,L,115740B0,I077 ,1,55.8,15.1, ,A,1000,        ,   ,2017/1/30,1476,135521,,正常,1160,1
6049,2,,1160,1,5/135521LD,6,7,,56.4,生機:135521LD,,6032 ,A,,P73/R14/N13,50M,148,1,23740.1,23740,135521LD,6032, ,,L,115740B0,I077 ,1,56.4,15.2, ,A,1000,        ,   ,2017/1/30,1476,135521,,正常,1160,2
6050,3,,1160,1,5/135521LD,6,7,,56.3,生機:135521LD,,6033 ,A,,P73/R14/N13,50M,148,1,23740.1,23740,135521LD,6033, ,,L,115740B0,I077 ,1,56.3,15.2, ,A,1000,        ,   ,2017/1/30,1476,135521,,正常,1160,3
6051,1,,1161,1,5/135521LD,6,7,,56.9,生機:135521LD,,6034 ,A,,P73/R14/N13,50M,148,1,23740.1,23740,135521LD,6034, ,,L,115740B0,I077 ,1,56.9,15.4, ,A,1000,        ,   ,2017/1/31,1476,135521,,正常,1161,1
6052,2,,1161,1,5/135521LD,6,7,,56.3,生機:135521LD,,6035 ,A,,P73/R14/N13,50M,148,1,23740.1,23740,135521LD,6035, ,,L,115740B0,I077 ,1,56.3,15.2, ,A,1000,        ,   ,2017/1/31,1476,135521,,正常,1161,2
6053,3,,1161,1,5/135521LD,6,7,,56.7,生機:135521LD,,6036 ,A,,P73/R14/N13,50M,148,1,23740.1,23740,135521LD,6036, ,,L,115740B0,I077 ,1,56.7,15.3, ,A,1000,        ,   ,2017/1/31,1476,135521,,正常,1161,3
6054,4,,1161,1,5/135521LD,6,7,,56.6,生機:135521LD,,6037 ,A,,P73/R14/N13,50M,148,1,23740.1,23740,135521LD,6037, ,,L,115740B0,I077 ,1,56.6,15.3, ,A,1000,        ,   ,2017/1/31,1476,135521,,正常,1161,4
6055,1,,1162,1,5/135521LD,6,7,,56.6,生機:135521LD,,6038 ,A,,P73/R14/N13,50M,148,1,23740.1,23740,135521LD,6038, ,,L,115740B0,I077 ,1,56.6,15.3, ,A,1000,        ,   ,2017/2/1,1476,135521,,正常,1162,1
6056,2,,1162,1,5/135521LD,6,7,,56.6,生機:135521LD,,6039 ,A,,P73/R14/N13,50M,148,1,23740.1,23740,135521LD,6039, ,,L,115740B0,I077 ,1,56.6,15.3, ,A,1000,        ,   ,2017/2/1,1476,135521,,正常,1162,2
6057,1,,1163,1,5/135521LD,6,7,,56.4,生機:135521LD,,6040 ,A,,P73/R14/N13,50M,148,1,23740.1,23740,135521LD,6040, ,,L,115740B0,I077 ,1,56.4,15.2, ,A,1000,        ,   ,2017/2/2,1476,135521,,正常,1163,1
6058,2,,1163,1,5/135521LD,6,7,,57,生機:135521LD,,6041 ,A,,P73/R14/N13,50M,148,1,23740.1,23740,135521LD,6041, ,,L,115740B0,I077 ,1,57,15.4, ,A,1000,        ,   ,2017/2/2,1476,135521,,正常,1163,2
6059,1,,1164,1,5/135521LD,6,7,,56.9,生機:135521LD,,6042 ,A,,P73/R14/N13,50M,148,1,23740.1,23740,135521LD,6042, ,,L,115740B0,I077 ,1,56.9,15.4, ,A,1000,        ,   ,2017/2/3,1476,135521,,正常,1164,1
6060,2,,1164,1,5/135521LD,6,7,,56.8,生機:135521LD,,6043 ,A,,P73/R14/N13,50M,148,1,23740.1,23740,135521LD,6043, ,,L,115740B0,I077 ,1,56.8,15.3, ,A,1000,        ,   ,2017/2/3,1476,135521,,正常,1164,2
6061,3,,1164,1,5/135521LD,6,7,,56.7,生機:135521LD,,6044 ,A,,P73/R14/N13,50M,148,1,23740.1,23740,135521LD,6044, ,,L,115740B0,I077 ,1,56.7,15.3, ,A,1000,        ,   ,2017/2/3,1476,135521,,正常,1164,3
6062,4,,1164,1,5/135521LD,6,7,,57,生機:135521LD,,6045 ,A,,P73/R14/N13,50M,148,1,23740.1,23740,135521LD,6045, ,,L,115740B0,I077 ,1,57,15.4, ,A,1000,        ,   ,2017/2/3,1476,135521,,正常,1164,4
6063,1,,1165,1,5/135521LD,6,7,,57,生機:135521LD,,6046 ,A,,P73/R14/N13,50M,148,1,23740.1,23740,135521LD,6046, ,,L,115740B0,I077 ,1,57,15.4, ,A,1000,        ,   ,2017/2/4,1476,135521,,正常,1165,1
6064,2,,1165,1,5/135521LD,6,7,,56.8,生機:135521LD,,6047 ,A,,P73/R14/N13,50M,148,1,23740.1,23740,135521LD,6047, ,,L,115740B0,I077 ,1,56.8,15.3, ,A,1000,        ,   ,2017/2/4,1476,135521,,正常,1165,2
6065,1,,1166,1,5/135521LD,6,7,,57,生機:135521LD,,6048 ,A,,P73/R14/N13,50M,148,1,23740.1,23740,135521LD,6048, ,,L,115740B0,I077 ,1,57,15.4, ,A,1000,        ,   ,2017/2/6,1476,135521,,正常,1166,1
6066,2,,1166,1,5/135521LD,6,7,,56.9,生機:135521LD,,6049 ,A,,P73/R14/N13,50M,148,1,23740.1,23740,135521LD,6049, ,,L,115740B0,I077 ,1,56.9,15.4, ,A,1000,        ,   ,2017/2/6,1476,135521,,正常,1166,2
6067,1,,1167,1,5/135521LD,6,7,,56.1,生機:135521LD,,6050 ,A,,P73/R14/N13,50M,148,1,23740.1,23740,135521LD,6050, ,,L,115740B0,I077 ,1,56.1,15.1, ,A,1000,        ,   ,2017/2/7,1476,135521,,正常,1167,1
6068,2,,1167,1,5/135521LD,6,7,,57.1,生機:135521LD,,6051 ,A,,P73/R14/N13,50M,148,1,23740.1,23740,135521LD,6051, ,,L,115740B0,I077 ,1,57.1,15.4, ,A,1000,        ,   ,2017/2/7,1476,135521,,正常,1167,2
6069,1,,1168,1,5/135521LD,6,7,,57.1,生機:135521LD,,6052 ,A,,P73/R14/N13,50M,148,1,23740.1,23740,135521LD,6052, ,,L,115740B0,I077 ,1,57.1,15.4, ,A,1000,        ,   ,2017/2/8,1476,135521,,正常,1168,1
6070,2,,1168,1,5/135521LD,6,7,,56.8,生機:135521LD,,6053 ,A,,P73/R14/N13,50M,148,1,23740.1,23740,135521LD,6053, ,,L,115740B0,I077 ,1,56.8,15.3, ,A,1000,        ,   ,2017/2/8,1476,135521,,正常,1168,2
6071,3,,1168,1,5/135521LD,6,7,,57.1,生機:135521LD,,6054 ,A,,P73/R14/N13,50M,148,1,23740.1,23740,135521LD,6054, ,,L,115740B0,I077 ,1,57.1,15.4, ,A,1000,        ,   ,2017/2/8,1476,135521,,正常,1168,3
6072,4,,1168,1,5/135521LD,6,7,,57.1,生機:135521LD,,6055 ,A,,P73/R14/N13,50M,148,1,23740.1,23740,135521LD,6055, ,,L,115740B0,I077 ,1,57.1,15.4, ,A,1000,        ,   ,2017/2/8,1476,135521,,正常,1168,4
6073,1,,1169,1,5/135521LD,6,7,,56.6,生機:135521LD,,6056 ,A,,P73/R14/N13,50M,148,1,23740.1,23740,135521LD,6056, ,,L,115740B0,I077 ,1,56.6,15.3, ,A,1000,        ,   ,2017/2/9,1476,135521,,正常,1169,1
6074,1,,1170,1,5/126947LA,6,7,,27.8,生機:126947LA,,1055 ,A,,TA53/R47,50M,148,0.5,50,25,126947LA,1055, ,,M,246966B0,I216 ,0.5,27.8,12.2, ,A,1000,        ,   ,2007/1/17,1929,126947,,下済,1170,1
6075,1,,1171,1,5/127178LX,6,7,,55.4,生機:127178LX,,0010 ,B,,TA91/P9,50M,148,1,50,50,127178LX,10, ,,M,229603A0,I069 ,1,55.4,13.1, ,B,1000,        ,   ,2009/9/29,1599,127178,,下済,1171,1
6076,2,,1171,1,5/127178LX,6,7,,56.2,生機:127178LX,,0011 ,B,,TA91/P9,50M,148,1,50,50,127178LX,11, ,,M,229603A0,I069 ,1,56.2,13.3, ,B,1000,        ,   ,2009/9/29,1599,127178,,下済,1171,2
6077,1,,1172,1,5/097903GX,6,7,,36,生機: 97903GX,,0004 ,B,,R67/TA33,50M,130,1,50,50, 97903GX,4, ,,M,219831A0,I051 ,1,36,10.4, ,B,1000,        ,   ,2010/5/11,1353,97903,,下済,1172,1
6078,1,,1173,1,5/097903GX,6,7,,27,生機: 97903GX,,0005 ,B,,R67/TA33,50M,130,0.5,50,25, 97903GX,5, ,,M,219831A0,I051 ,0.5,27,7.8, ,B,1000,        ,   ,2010/5/12,    ,97903,,下済,1173,1
6079,2,,1173,1,5/097903GX,6,7,,54.3,生機: 97903GX,,0006 ,B,,R67/TA33,50M,130,1,50,50, 97903GX,6, ,,M,219831A0,I051 ,1,54.3,15.7, ,B,1000,        ,   ,2010/5/12,1353,97903,,下済,1173,2
6080,1,,1174,1,5/126430HA,6,7,,64.2,生機:126430HA,,0019 ,A,,P88/TA12,50M,148,1,50,50,126430HA,19, ,,M,211253A0,I024 ,1,64.2,16, ,A,1000,        ,   ,2010/6/14,1341,126430,,下済,1174,1
6081,2,,1174,1,5/126430HA,6,7,,62.8,生機:126430HA,,0020 ,A,,P88/TA12,50M,148,1,50,50,126430HA,20, ,,M,211253A0,I024 ,1,62.8,15.6, ,A,1000,        ,   ,2010/6/14,1341,126430,,下済,1174,2
6082,3,,1174,1,5/126430HA,6,7,,63.2,生機:126430HA,,0037 ,A,,P88/TA12,50M,148,1,50,50,126430HA,37, ,,M,211253B0,I036 ,1,63.2,15.6, ,A,1000,        ,   ,2010/6/14,1341,126430,,下済,1174,3
6083,4,,1174,1,5/126430HA,6,7,,63.9,生機:126430HA,,0038 ,A,,P88/TA12,50M,148,1,50,50,126430HA,38, ,,M,211253B0,I036 ,1,63.9,15.8, ,A,1000,        ,   ,2010/6/14,1341,126430,,下済,1174,4
6084,5,,1174,1,5/126430HA,6,7,,63.7,生機:126430HA,,0039 ,A,,P88/TA12,50M,148,1,50,50,126430HA,39, ,,M,211253B0,I036 ,1,63.7,15.7, ,A,1000,        ,   ,2010/6/14,1341,126430,,下済,1174,5
6085,1,,1175,1,5/098198HX,6,7,,55.8,生機: 98198HX,,0076 ,A,,P100,50M,148,1,50,50, 98198HX,76, ,,M,211725B0,I072 ,1,55.8,19.4, ,A,1000,        ,   ,2010/10/29,1536,98198,,下済,1175,1
6086,1,,1176,1,5/098198HX,6,7,,55.7,生機: 98198HX,,0078 ,A,,P100,50M,148,1,50,50, 98198HX,78, ,,M,211725B0,I072 ,1,55.7,19.4, ,A,1000,        ,   ,2010/10/30,1536,98198,,下済,1176,1
6087,2,,1176,1,5/098198HX,6,7,,56.1,生機: 98198HX,,0079 ,A,,P100,50M,148,1,50,50, 98198HX,79, ,,M,211725B0,I072 ,1,56.1,19.5, ,A,1000,        ,   ,2010/10/30,1536,98198,,下済,1176,2
6088,3,,1176,1,5/098198HX,6,7,,49.4,生機: 98198HX,,0080 ,B,,P100,50M,148,1,50,50, 98198HX,80, ,,M,211725B0,I072 ,1,49.4,17.1, ,B,1000,        ,   ,2010/10/30,1536,98198,,下済,1176,3
6089,1,,1177,1,5/098176YB,6,7,,69.8,生機: 98176YB,,0186 ,B,,TA64/P36,50M,135,1,50,50, 98176YB,186, ,,M,222290A0,I027 ,1,69.8,18.7, ,B,1000,        ,   ,2011/6/16,1674,98176,,下済,1177,1
6090,2,,1177,1,5/098176YB,6,7,,69.7,生機: 98176YB,,0187 ,A,,TA64/P36,50M,135,1,50,50, 98176YB,187, ,,M,222290A0,I027 ,1,69.7,18.7, ,A,1000,        ,   ,2011/6/16,1674,98176,,下済,1177,2
6091,1,,1178,1,5/124743YB,6,7,,30.7,生機:124743YB,,0513 ,A,,TA70/P30,50M,140,0.5,50,25,124743YB,513, ,,M,223354A0,I072 ,0.5,30.7,7.2, ,A,11000,        ,   ,2012/11/5,    ,124743,,下済,1178,1
6092,1,,1179,1,5/731012YX,6,7,,1,生機:731012YX,,12082 ,A,,TA70/P30,50M,140,0.5,50,25,731012YX,12082, ,,M,000    0,0,0.5,1,    , ,A,11000,        ,   ,2013/2/7,    ,731012,,下済,1179,1
6093,1,,1180,1,5/731012YX,6,7,,1,生機:731012YX,,11035 ,A,,TA70/P30,50M,140,0.5,50,25,731012YX,11035, ,,M,000    0,0,0.5,1,    , ,A,11000,        ,   ,2013/2/14,    ,731012,,下済,1180,1
6094,1,,1181,1,5/098515YX,6,7,,57.8,生機: 98515YX,,0032 ,A,,TA66/P34,50M,140,1,50,50, 98515YX,32, ,,M,113761A0,I012 ,1,57.8,20.6, ,A,1000,        ,   ,2013/6/10,1072,98515,,下済,1181,1
6095,1,,1182,1,5/098515YX,6,7,,58.3,生機: 98515YX,,0041 ,A,,TA66/P34,50M,140,1,50,50, 98515YX,41, ,,M,113761A0,I012 ,1,58.3,20.8, ,A,1000,        ,   ,2013/6/12,1072,98515,,下済,1182,1
6096,1,,1183,1,5/098515YX,6,7,,58.5,生機: 98515YX,,0042 ,A,,TA66/P34,50M,140,1,50,50, 98515YX,42, ,,M,113761A0,I012 ,1,58.5,20.9, ,A,1000,        ,   ,2013/6/13,1072,98515,,下済,1183,1
6097,2,,1183,1,5/098515YX,6,7,,57.5,生機: 98515YX,,0043 ,A,,TA66/P34,50M,140,1,50,50, 98515YX,43, ,,M,113761A0,I012 ,1,57.5,20.5, ,A,1000,        ,   ,2013/6/13,1072,98515,,下済,1183,2
6098,1,,1184,1,5/731012YC,6,7,,44.8,生機:731012YC,,21102 ,B,,TA70/P30,50M,140,1,50,50,731012YC,21102, ,,M,000    0,0,1,44.8,10.5, ,B,1000,        ,   ,2013/8/1,1683,731012,,下済,1184,1
6099,1,,1185,1,5/124614ZX,6,7,,65,生機:124614ZX,,0648 ,A,,TA71/P29,50M,140,1,50,50,124614ZX,648, ,,M,224152C0,I013 ,1,65,17, ,A,1000,        ,   ,2014/3/12,1608,124614,,下済,1185,1
6100,1,,1186,1,5/124614ZX,6,7,,65.3,生機:124614ZX,,0630 ,A,,TA71/P29,50M,140,1,50,50,124614ZX,630, ,,M,224152B0,I070 ,1,65.3,17, ,A,1000,        ,   ,2014/3/13,1608,124614,,下済,1186,1
6101,2,,1186,1,5/124614ZX,6,7,,65.3,生機:124614ZX,,0631 ,A,,TA71/P29,50M,140,1,50,50,124614ZX,631, ,,M,224152B0,I070 ,1,65.3,17, ,A,1000,        ,   ,2014/3/13,1608,124614,,下済,1186,2
6102,3,,1186,1,5/124614ZX,6,7,,64.9,生機:124614ZX,,0632 ,A,,TA71/P29,50M,140,1,50,50,124614ZX,632, ,,M,224152B0,I070 ,1,64.9,16.9, ,A,1000,        ,   ,2014/3/13,1608,124614,,下済,1186,3
6103,1,,1187,1,5/038312YH,6,7,,55.5,生機: 38312YH,,0037 ,A,,P100,50M,137,1,50,50, 38312YH,37, ,,P,224811A0,I297 ,1,55.5,18.1, ,A,1000,        ,   ,2005/10/11,1602,38312,,下済,1187,1
6104,1,,1188,1,5/039410CX,6,7,,55.9,生機: 39410CX,,0146 ,A,,P100,50M,140,1,50,50, 39410CX,146, ,,P,119914A0,I033 ,1,55.9,5.3, ,A,1000,        ,   ,2010/2/4,1173,39410,,下済,1188,1
6105,1,,1189,1,5/039410CX,6,7,,55.5,生機: 39410CX,,0150 ,A,,P100,50M,140,1,50,50, 39410CX,150, ,,P,119914B0,I033 ,1,55.5,5.3, ,A,1000,        ,   ,2010/2/11,1173,39410,,下済,1189,1
6106,1,,1190,1,5/039410CX,6,7,,55.7,生機: 39410CX,,0167 ,A,,P100,50M,140,1,50,50, 39410CX,167, ,,P,119914B0,I033 ,1,55.7,5.3, ,A,1000,        ,   ,2010/2/24,1173,39410,,下済,1190,1
6107,2,,1190,1,5/039410CX,6,7,,55.8,生機: 39410CX,,0168 ,A,,P100,50M,140,1,50,50, 39410CX,168, ,,P,119914B0,I033 ,1,55.8,5.3, ,A,1000,        ,   ,2010/2/24,1173,39410,,下済,1190,2
6108,1,,1191,1,5/039410QX,6,7,,55.7,生機: 39410QX,,0111 ,B,,P100,50M,142,1,50,50, 39410QX,111, ,,P,123124B0,I034 ,1,55.7,5.3, ,B,1000,        ,   ,2012/6/13,1089,39410,,下済,1191,1
6109,1,,1192,1,5/115655PA,6,7,,57.2,生機:115655PA,,0049 ,A,,P100,50M,140,1,50,50,115655PA,49, ,,P,213791D0,I080 ,1,57.2,24.4, ,A,1000,        ,   ,2013/10/24,1641,115655,,下済,1192,1
6110,2,,1192,1,5/115655PA,6,7,,57.1,生機:115655PA,,0050 ,A,,P100,50M,140,1,50,50,115655PA,50, ,,P,213791D0,I080 ,1,57.1,24.4, ,A,1000,        ,   ,2013/10/24,1641,115655,,下済,1192,2
6111,1,,1193,1,5/039413XA,6,7,,58,生機: 39413XA,,5063 ,B,,P89/N6/R5,50M,140,1,50,50, 39413XA,5063, ,,P,114723A0,I053 ,1,58,18.7, ,B,1000,        ,   ,2015/5/16,1708,39413,,下済,1193,1
6112,1,,1194,1,5/039413XA,6,7,,57.4,生機: 39413XA,,5112 ,A,,P89/N6/R5,50M,140,1,50,50, 39413XA,5112, ,,P,114723C0,I053 ,1,57.4,18.5, ,A,1000,        ,   ,2015/5/30,1708,39413,,下済,1194,1
6113,1,,1195,1,5/039413XB,6,7,,57.7,生機: 39413XB,,5005 ,A,,P90/R5/N5,50M,140,1,50,50, 39413XB,5005, ,,P,224969A0,I051 ,1,57.7,18.9, ,A,1000,        ,   ,2015/8/26,1285,39413,,下済,1195,1
6114,1,,1196,1,5/127305LA,6,7,,38,生機:127305LA,,0022 ,A,,TA39/P32/R29,50M,148,1,50,50,127305LA,22, ,,S,,,1,38,,,A,12 M1519 A ,,,2008/12/25,  JP1033,127305,,下済,1196,1
6115,1,,1197,1,5/097080YX,6,7,,28.9,生機: 97080YX,,0001 ,B,,C67/TA23/P10,50M,143,0.5,50,25, 97080YX,1, ,,S,129112A0,I038 ,0.5,28.9,3.6, ,B,1000,        ,   ,2009/1/23,    ,97080,,下済,1197,1
6116,1,,1198,1,5/097080YX,6,7,,54.4,生機: 97080YX,,0002 ,A,,C67/TA23/P10,50M,143,1,50,50, 97080YX,2, ,,S,129112A1,I038 ,1,54.4,6.8, ,A,1000,        ,   ,2009/1/26,    ,97080,,下済,1198,1
6117,1,,1199,1,5/098249YX,6,7,,59,生機: 98249YX,,0004 ,A,,CU58/W24/N18,50M,145,1,50,50, 98249YX,4, ,,S,113591A4,I039 ,1,59,6.3, ,A,1000,        ,   ,2013/3/27,1348,98249,,下済,1199,1
6118,1,,1200,1,5/098249YX,6,7,,58.7,生機: 98249YX,,0005 ,A,,CU58/W24/N18,50M,145,1,50,50, 98249YX,5, ,,S,113591A4,I039 ,1,58.7,6.3, ,A,1000,        ,   ,2013/3/28,1348,98249,,下済,1200,1
6119,1,,1201,1,5/098127LX,6,7,,57.8,生機: 98127LX,,0002 ,B,,P77/W16/N7,50M,148,1,50,50, 98127LX,2, ,,S,113755A0,I056 ,1,57.8,23.9, ,B,1000,        ,   ,2013/7/24,1023,98127,,下済,1201,1
6120,1,,1202,1,5/182013HX,6,7,,57.2,生機:182013HX,,0030 ,A,,P50/R50,50M,148,1,50,50,182013HX,30, ,,T,113223C0,I050 ,1,57.2,27.9, ,A,1010,        ,   ,2012/8/28,1243,182013,,下済,1202,1
6121,2,,1202,1,5/182013HX,6,7,,56.5,生機:182013HX,,0031 ,A,,P50/R50,50M,148,1,50,50,182013HX,31, ,,T,113223C0,I050 ,1,56.5,27.5, ,A,1010,        ,   ,2012/8/28,1243,182013,,下済,1202,2
6122,1,,1203,1,5/182013HX,6,7,,53.6,生機:182013HX,,0034 ,A,,P50/R50,50M,148,1,50,50,182013HX,34, ,,T,113223C0,I050 ,1,53.6,26.1, ,A,1010,        ,   ,2012/8/30,1243,182013,,下済,1203,1
6123,1,,1204,1,5/182013HX,6,7,,43.4,生機:182013HX,,0038 ,A,,P50/R50,50M,148,1,50,50,182013HX,38, ,,T,113223C0,I050 ,1,43.4,21.1, ,A,1010,        ,   ,2012/8/31,1243,182013,,下済,1204,1
6124,2,,1204,1,5/182013HX,6,7,,57.4,生機:182013HX,,0039 ,A,,P50/R50,50M,148,1,50,50,182013HX,39, ,,T,113223C0,I050 ,1,57.4,28, ,A,1010,        ,   ,2012/8/31,1243,182013,,下済,1204,2
6125,1,,1205,1,5/098558JX,6,7,,56.8,生機: 98558JX,,0031 ,A,,C37/TA36/P27,50M,140,1,50,50, 98558JX,31, ,,U,212877A0,I075 ,1,56.8,13.6, ,A,1000,        ,   ,2012/1/30,1548,98558,,下済,1205,1
6126,1,,1206,1,5/074993LB,6,7,,66.4,生機: 74993LB,,5085 ,A,,TA64/CU36,50M,148,1,50,50, 74993LB,5085, ,,U,224228A0,I033 ,1,66.4,18.6, ,A,1000,        ,   ,2014/7/22,1197,74993,,下済,1206,1
6127,1,,1207,1,5/074993LB,6,7,,66.3,生機: 74993LB,,5086 ,A,,TA64/CU36,50M,148,1,50,50, 74993LB,5086, ,,U,224228A0,I033 ,1,66.3,18.6, ,A,1000,        ,   ,2014/7/23,1197,74993,,下済,1207,1
6128,2,,1207,1,5/074993LB,6,7,,66.5,生機: 74993LB,,5087 ,A,,TA64/CU36,50M,148,1,50,50, 74993LB,5087, ,,U,224228A0,I033 ,1,66.5,18.6, ,A,1000,        ,   ,2014/7/23,1197,74993,,下済,1207,2
6129,1,,1208,1,5/074993LB,6,7,,65.8,生機: 74993LB,,5088 ,A,,TA64/CU36,50M,148,1,50,50, 74993LB,5088, ,,U,224228A0,I033 ,1,65.8,18.4, ,A,1000,        ,   ,2014/7/24,1197,74993,,下済,1208,1
6130,2,,1208,1,5/074993LB,6,7,,66.6,生機: 74993LB,,5089 ,A,,TA64/CU36,50M,148,1,50,50, 74993LB,5089, ,,U,224228A0,I033 ,1,66.6,18.6, ,A,1000,        ,   ,2014/7/24,1197,74993,,下済,1208,2
6131,1,,1209,1,5/074993LB,6,7,,66.1,生機: 74993LB,,5090 ,A,,TA64/CU36,50M,148,1,50,50, 74993LB,5090, ,,U,224228A0,I033 ,1,66.1,18.5, ,A,1000,        ,   ,2014/7/25,1197,74993,,下済,1209,1
6132,2,,1209,1,5/074993LB,6,7,,66.3,生機: 74993LB,,5091 ,A,,TA64/CU36,50M,148,1,50,50, 74993LB,5091, ,,U,224228A0,I033 ,1,66.3,18.6, ,A,1000,        ,   ,2014/7/25,1197,74993,,下済,1209,2
6133,1,,1210,1,5/158857VX,6,7,,35.2,生機:158857VX,,0001 ,B,,P100,50M,140,1,50,50,158857VX,1, ,,V,113028A0,I056 ,1,35.2,9.5,1,B,16000,        ,   ,2012/3/21,    ,158857,,下済,1210,1
6134,1,,1211,1,5/158857PX,6,7,,54.6,生機:158857PX,,0143 ,A,,P100,50M,140,1,50,50,158857PX,143, ,,V,213031A0,I033 ,1,54.6,15, ,A,1000,        ,   ,2012/5/2,1087,158857,,下済,1211,1
6135,1,,1212,1,5/098020LA,6,7,,53,生機: 98020LA,,0003 ,A,,TA83/P17,50M,148,1,50,50, 98020LA,3, ,,W,211359A0,I264 ,1,53,8.4, ,A,1000,        ,   ,2010/7/22,    ,98020,,下済,1212,1
6136,1,,1213,1,5/158127LB,6,7,,55.7,生機:158127LB,,0025 ,A,,TA47/P53,50M,148,1,50,50,158127LB,25, ,,W,222592A0,I064 ,1,55.7,16.4, ,A,1000,        ,   ,2011/10/3,1570,158127,,下済,1213,1
6137,2,,1213,1,5/158127LB,6,7,,55.5,生機:158127LB,,0026 ,A,,TA47/P53,50M,148,1,50,50,158127LB,26, ,,W,222592A0,I064 ,1,55.5,16.3, ,A,1000,        ,   ,2011/10/3,1570,158127,,下済,1213,2
6138,1,,1214,1,5/098055YA,6,7,,26.8,生機: 98055YA,,0052 ,B,,C33/LY28/P22/TA17,50M,140,0.5,50,25, 98055YA,52, ,,W,212775A0,I279 ,0.5,26.8,9.5, ,B,1000,        ,   ,2011/11/7,1740,98055,,下済,1214,1
6139,2,,1214,1,5/098055YA,6,7,,52.7,生機: 98055YA,,0054 ,A,,C33/LY28/P22/TA17,50M,140,1,50,50, 98055YA,54, ,,W,212775A0,I279 ,1,52.7,18.7, ,A,1000,        ,   ,2011/11/7,    ,98055,,下済,1214,2
6140,1,,1215,1,5/116054YX,6,7,,58.6,生機:116054YX,,5135 ,A,,P100,50M,135,1,50,50,116054YX,5135, ,,X,214379B0,I068 ,1,58.6,22.7, ,A,1000,        ,   ,2014/7/22,1671,116054,,下済,1215,1
6141,2,,1215,1,5/116054YX,6,7,,59.1,生機:116054YX,,5136 ,A,,P100,50M,135,1,50,50,116054YX,5136, ,,X,214379B0,I068 ,1,59.1,22.9, ,A,1000,        ,   ,2014/7/22,1671,116054,,下済,1215,2
6142,3,,1215,1,5/116054YX,6,7,,59.2,生機:116054YX,,5137 ,A,,P100,50M,135,1,50,50,116054YX,5137, ,,X,214379B0,I068 ,1,59.2,22.9, ,A,1000,        ,   ,2014/7/22,1671,116054,,下済,1215,3
6143,4,,1215,1,5/116054YX,6,7,,59,生機:116054YX,,5138 ,A,,P100,50M,135,1,50,50,116054YX,5138, ,,X,214379B0,I068 ,1,59,22.8, ,A,1000,        ,   ,2014/7/22,1671,116054,,下済,1215,4
6144,1,,1216,1,5/116054YX,6,7,,59.2,生機:116054YX,,5139 ,A,,P100,50M,135,1,50,50,116054YX,5139, ,,X,214379B0,I068 ,1,59.2,22.9, ,A,1000,        ,   ,2014/7/23,1671,116054,,下済,1216,1
6145,2,,1216,1,5/116054YX,6,7,,59,生機:116054YX,,5140 ,A,,P100,50M,135,1,50,50,116054YX,5140, ,,X,214379B0,I068 ,1,59,22.8, ,A,1000,        ,   ,2014/7/23,1671,116054,,下済,1216,2
6146,1,,1217,1,5/115955SX,6,7,,26.9,生機:115955SX,,5117 ,A,,P100,50M,137,0.5,50,25,115955SX,5117, ,,X,214541B0,I028 ,0.5,26.9,16.1, ,A,1000,        ,   ,2015/2/23,1440,115955,,下済,1217,1
6147,1,,1218,1,5/115955SA,6,7,,56.2,生機:115955SA,,5011 ,A,,P100,50M,137,1,38566,38566,115955SA,5011, ,,X,214739A0,I038 ,1,56.2,33.9, ,A,1000,        ,   ,2015/7/9,1875,115955,,下済,1218,1
6148,1,,1219,1,5/115955SA,6,7,,56.4,生機:115955SA,,5028 ,A,,P100,50M,137,1,38566,38566,115955SA,5028, ,,X,214739B0,I038 ,1,56.4,34.1, ,A,1000,        ,   ,2015/7/22,1875,115955,,下済,1219,1
6149,1,,1220,1,5/115955SA,6,7,,56.2,生機:115955SA,,5033 ,A,,P100,50M,137,1,38566,38566,115955SA,5033, ,,X,214739B0,I038 ,1,56.2,34, ,A,1000,        ,   ,2015/7/24,1875,115955,,下済,1220,1
6150,1,,1221,1,5/116054YX,6,7,,58.8,生機:116054YX,,5205 ,B,,P100,50M,135,1,50,50,116054YX,5205, ,,X,215215A0,I018 ,1,58.8,22.7, ,B,1000,        ,   ,2015/10/31,1524,116054,,下済,1221,1
6151,1,,1222,1,5/116054YX,6,7,,58.9,生機:116054YX,,5211 ,A,,P100,50M,135,1,50,50,116054YX,5211, ,,X,215215A0,I018 ,1,58.9,22.7, ,A,1000,        ,   ,2015/11/3,1524,116054,,下済,1222,1
6152,1,,1223,1,5/116054YX,6,7,,59,生機:116054YX,,5229 ,A,,P100,50M,135,1,50,50,116054YX,5229, ,,X,215215A0,I018 ,1,59,22.8, ,A,1000,        ,   ,2015/11/6,1669,116054,,下済,1223,1
6153,2,,1223,1,5/116054YX,6,7,,58.9,生機:116054YX,,5230 ,A,,P100,50M,135,1,50,50,116054YX,5230, ,,X,215215A0,I018 ,1,58.9,22.7, ,A,1000,        ,   ,2015/11/6,1669,116054,,下済,1223,2
6154,1,,1224,1,5/116054YX,6,7,,58.9,生機:116054YX,,5239 ,A,,P100,50M,135,1,50,50,116054YX,5239, ,,X,215215B0,I018 ,1,58.9,22.6, ,A,1000,        ,   ,2015/11/10,1251,116054,,下済,1224,1
6155,2,,1224,1,5/116054YX,6,7,,58.7,生機:116054YX,,5240 ,A,,P100,50M,135,1,50,50,116054YX,5240, ,,X,215215B0,I018 ,1,58.7,22.5, ,A,1000,        ,   ,2015/11/10,1251,116054,,下済,1224,2
6156,3,,1224,1,5/116054YX,6,7,,58.8,生機:116054YX,,5241 ,A,,P100,50M,135,1,50,50,116054YX,5241, ,,X,215215B0,I018 ,1,58.8,22.6, ,A,1000,        ,   ,2015/11/10,1251,116054,,下済,1224,3
6157,4,,1224,1,5/116054YX,6,7,,59,生機:116054YX,,5242 ,A,,P100,50M,135,1,50,50,116054YX,5242, ,,X,215215B0,I018 ,1,59,22.7, ,A,1000,        ,   ,2015/11/10,1251,116054,,下済,1224,4
6158,5,,1224,1,5/116054YX,6,7,,58.7,生機:116054YX,,5243 ,A,,P100,50M,135,1,50,50,116054YX,5243, ,,X,215215B0,I018 ,1,58.7,22.5, ,A,1000,        ,   ,2015/11/10,1251,116054,,下済,1224,5
6159,6,,1224,1,5/116054YX,6,7,,58.6,生機:116054YX,,5244 ,A,,P100,50M,135,1,50,50,116054YX,5244, ,,X,215215B0,I018 ,1,58.6,22.5, ,A,1000,        ,   ,2015/11/10,1251,116054,,下済,1224,6
6160,1,,1225,1,5/116054YX,6,7,,58.9,生機:116054YX,,5245 ,A,,P100,50M,135,1,50,50,116054YX,5245, ,,X,215215B0,I018 ,1,58.9,22.6, ,A,1000,        ,   ,2015/11/11,1251,116054,,下済,1225,1
6161,2,,1225,1,5/116054YX,6,7,,58.9,生機:116054YX,,5246 ,A,,P100,50M,135,1,50,50,116054YX,5246, ,,X,215215B0,I018 ,1,58.9,22.6, ,A,1000,        ,   ,2015/11/11,1251,116054,,下済,1225,2
6162,3,,1225,1,5/116054YX,6,7,,58.7,生機:116054YX,,5247 ,A,,P100,50M,135,1,50,50,116054YX,5247, ,,X,215215B0,I018 ,1,58.7,22.5, ,A,1000,        ,   ,2015/11/11,1251,116054,,下済,1225,3
6163,4,,1225,1,5/116054YX,6,7,,58.9,生機:116054YX,,5248 ,A,,P100,50M,135,1,50,50,116054YX,5248, ,,X,215215B0,I018 ,1,58.9,22.6, ,A,1000,        ,   ,2015/11/11,1251,116054,,下済,1225,4
6164,1,,1226,1,5/116054YX,6,7,,58.8,生機:116054YX,,5249 ,A,,P100,50M,135,1,50,50,116054YX,5249, ,,X,215215B0,I018 ,1,58.8,22.6, ,A,1000,        ,   ,2015/11/12,1251,116054,,下済,1226,1
6165,2,,1226,1,5/116054YX,6,7,,58.7,生機:116054YX,,5250 ,A,,P100,50M,135,1,50,50,116054YX,5250, ,,X,215215B0,I018 ,1,58.7,22.5, ,A,1000,        ,   ,2015/11/12,1251,116054,,下済,1226,2
6166,3,,1226,1,5/116054YX,6,7,,58.9,生機:116054YX,,5251 ,A,,P100,50M,135,1,50,50,116054YX,5251, ,,X,215215B0,I018 ,1,58.9,22.6, ,A,1000,        ,   ,2015/11/12,1939,116054,,下済,1226,3
6167,4,,1226,1,5/116054YX,6,7,,59,生機:116054YX,,5252 ,A,,P100,50M,135,1,50,50,116054YX,5252, ,,X,215215B0,I018 ,1,59,22.7, ,A,1000,        ,   ,2015/11/12,1939,116054,,下済,1226,4
6168,5,,1226,1,5/116054YX,6,7,,58.9,生機:116054YX,,5253 ,A,,P100,50M,135,1,50,50,116054YX,5253, ,,X,215215B0,I018 ,1,58.9,22.6, ,A,1000,        ,   ,2015/11/12,1939,116054,,下済,1226,5
6169,6,,1226,1,5/116054YX,6,7,,59,生機:116054YX,,5254 ,A,,P100,50M,135,1,50,50,116054YX,5254, ,,X,215215B0,I018 ,1,59,22.7, ,A,1000,        ,   ,2015/11/12,1939,116054,,下済,1226,6
6170,7,,1226,1,5/116054YX,6,7,,58.6,生機:116054YX,,5255 ,A,,P100,50M,135,1,50,50,116054YX,5255, ,,X,215215B0,I018 ,1,58.6,22.5, ,A,1000,        ,   ,2015/11/12,1939,116054,,下済,1226,7
6171,8,,1226,1,5/116054YX,6,7,,58.5,生機:116054YX,,5256 ,A,,P100,50M,135,1,50,50,116054YX,5256, ,,X,215215B0,I018 ,1,58.5,22.5, ,A,1000,        ,   ,2015/11/12,1939,116054,,下済,1226,8
6172,9,,1226,1,5/116054YX,6,7,,58.7,生機:116054YX,,5257 ,A,,P100,50M,135,1,50,50,116054YX,5257, ,,X,215215B0,I018 ,1,58.7,22.5, ,A,1000,        ,   ,2015/11/12,1939,116054,,下済,1226,9
6173,10,,1226,1,5/116054YX,6,7,,59,生機:116054YX,,5258 ,A,,P100,50M,135,1,50,50,116054YX,5258, ,,X,215215B0,I018 ,1,59,22.7, ,A,1000,        ,   ,2015/11/12,1939,116054,,下済,1226,10
6174,1,,1227,1,5/116054YX,6,7,,59,生機:116054YX,,5259 ,A,,P100,50M,135,1,50,50,116054YX,5259, ,,X,215215B0,I018 ,1,59,22.7, ,A,1000,        ,   ,2015/11/13,1939,116054,,下済,1227,1
6175,2,,1227,1,5/116054YX,6,7,,59,生機:116054YX,,5260 ,A,,P100,50M,135,1,50,50,116054YX,5260, ,,X,215215B0,I018 ,1,59,22.7, ,A,1000,        ,   ,2015/11/13,1939,116054,,下済,1227,2
6176,3,,1227,1,5/116054YX,6,7,,58.7,生機:116054YX,,5261 ,A,,P100,50M,135,1,50,50,116054YX,5261, ,,X,215215B0,I018 ,1,58.7,22.5, ,A,1000,        ,   ,2015/11/13,1939,116054,,下済,1227,3
6177,4,,1227,1,5/116054YX,6,7,,58.8,生機:116054YX,,5262 ,A,,P100,50M,135,1,50,50,116054YX,5262, ,,X,215215B0,I018 ,1,58.8,22.6, ,A,1000,        ,   ,2015/11/13,1939,116054,,下済,1227,4
6178,1,,1228,1,5/116054YX,6,7,,59.1,生機:116054YX,,5263 ,A,,P100,50M,135,1,50,50,116054YX,5263, ,,X,215215B0,I018 ,1,59.1,22.7, ,A,1000,        ,   ,2015/11/16,1944,116054,,下済,1228,1
6179,2,,1228,1,5/116054YX,6,7,,58.8,生機:116054YX,,5264 ,A,,P100,50M,135,1,50,50,116054YX,5264, ,,X,215215B0,I018 ,1,58.8,22.6, ,A,1000,        ,   ,2015/11/16,1944,116054,,下済,1228,2
6180,3,,1228,1,5/116054YX,6,7,,59,生機:116054YX,,5265 ,A,,P100,50M,135,1,50,50,116054YX,5265, ,,X,215215B0,I018 ,1,59,22.7, ,A,1000,        ,   ,2015/11/16,1944,116054,,下済,1228,3
6181,4,,1228,1,5/116054YX,6,7,,58.8,生機:116054YX,,5266 ,A,,P100,50M,135,1,50,50,116054YX,5266, ,,X,215215B0,I018 ,1,58.8,22.6, ,A,1000,        ,   ,2015/11/16,1944,116054,,下済,1228,4
6182,1,,1229,1,5/115955SA,6,7,,56.3,生機:115955SA,,5067 ,B,,P100,50M,137,1,38566,38566,115955SA,5067, ,,X,215335A0,I040 ,1,56.3,34.4, ,B,1000,        ,   ,2016/3/5,1875,115955,,正常,1229,1
6183,1,,1230,1,5/115955SA,6,7,,55.2,生機:115955SA,,5068 ,B,,P100,50M,137,1,38566,38566,115955SA,5068, ,,X,215335A0,I040 ,1,55.2,33.7, ,B,1000,        ,   ,2016/3/9,1875,115955,,正常,1230,1
6184,1,,1231,1,5/115955SA,6,7,,55.6,生機:115955SA,,5093 ,B,,P100,50M,137,1,38566,38566,115955SA,5093, ,,X,215335A0,I040 ,1,55.6,34, ,B,1000,        ,   ,2016/3/31,1875,115955,,正常,1231,1
6185,1,,1232,1,5/115955SA,6,7,,56.5,生機:115955SA,,5111 ,A,,P100,50M,137,1,38566,38566,115955SA,5111, ,,X,215335B0,I040 ,1,56.5,34.2, ,A,1000,        ,   ,2016/4/14,1656,115955,,正常,1232,1
6186,2,,1232,1,5/115955SA,6,7,,56,生機:115955SA,,5112 ,A,,P100,50M,137,1,38566,38566,115955SA,5112, ,,X,215335B0,I040 ,1,56,33.9, ,A,1000,        ,   ,2016/4/14,1656,115955,,正常,1232,2
6187,1,,1233,1,5/115955SA,6,7,,56.3,生機:115955SA,,5113 ,A,,P100,50M,137,1,38566,38566,115955SA,5113, ,,X,215335B0,I040 ,1,56.3,34.1, ,A,1000,        ,   ,2016/4/15,1656,115955,,正常,1233,1
6188,1,,1234,1,5/115955SA,6,7,,56.4,生機:115955SA,,5114 ,A,,P100,50M,137,1,38566,38566,115955SA,5114, ,,X,215335B0,I040 ,1,56.4,34.2, ,A,1000,        ,   ,2016/4/16,1656,115955,,正常,1234,1
6189,2,,1234,1,5/115955SA,6,7,,56.3,生機:115955SA,,5115 ,A,,P100,50M,137,1,38566,38566,115955SA,5115, ,,X,215335B0,I040 ,1,56.3,34.1, ,A,1000,        ,   ,2016/4/16,1656,115955,,正常,1234,2
6190,3,,1234,1,5/115955SA,6,7,,56.2,生機:115955SA,,5116 ,A,,P100,50M,137,1,38566,38566,115955SA,5116, ,,X,215335B0,I040 ,1,56.2,34.1, ,A,1000,        ,   ,2016/4/16,1656,115955,,正常,1234,3
6191,1,,1235,1,5/115955SA,6,7,,56.3,生機:115955SA,,5117 ,A,,P100,50M,137,1,38566,38566,115955SA,5117, ,,X,215335B0,I040 ,1,56.3,34.1, ,A,1000,        ,   ,2016/4/18,1656,115955,,正常,1235,1
6192,2,,1235,1,5/115955SA,6,7,,55.8,生機:115955SA,,5118 ,A,,P100,50M,137,1,38566,38566,115955SA,5118, ,,X,215335B0,I040 ,1,55.8,33.8, ,A,1000,        ,   ,2016/4/18,1656,115955,,正常,1235,2
6193,1,,1236,1,5/115955SA,6,7,,56.4,生機:115955SA,,5119 ,A,,P100,50M,137,1,38566,38566,115955SA,5119, ,,X,215335B0,I040 ,1,56.4,34.2, ,A,1000,        ,   ,2016/4/19,1656,115955,,正常,1236,1
6194,2,,1236,1,5/115955SA,6,7,,56.5,生機:115955SA,,5120 ,A,,P100,50M,137,1,38566,38566,115955SA,5120, ,,X,215335B0,I040 ,1,56.5,34.2, ,A,1000,        ,   ,2016/4/19,1656,115955,,正常,1236,2
6195,1,,1237,1,5/115955SA,6,7,,55.2,生機:115955SA,,5121 ,A,,P100,50M,137,1,38566,38566,115955SA,5121, ,,X,215335B0,I040 ,1,55.2,33.5, ,A,1000,        ,   ,2016/4/20,1656,115955,,正常,1237,1
6196,1,,1238,1,5/115955SA,6,7,,56.5,生機:115955SA,,5122 ,A,,P100,50M,137,1,38566,38566,115955SA,5122, ,,X,215335B0,I040 ,1,56.5,34.2, ,A,1000,        ,   ,2016/4/21,1656,115955,,正常,1238,1
6197,2,,1238,1,5/115955SA,6,7,,56.4,生機:115955SA,,5123 ,A,,P100,50M,137,1,38566,38566,115955SA,5123, ,,X,215335B0,I040 ,1,56.4,34.2, ,A,1000,        ,   ,2016/4/21,1050,115955,,正常,1238,2
6198,3,,1238,1,5/115955SA,6,7,,56.4,生機:115955SA,,5124 ,A,,P100,50M,137,1,38566,38566,115955SA,5124, ,,X,215335B0,I040 ,1,56.4,34.2, ,A,1000,        ,   ,2016/4/21,1050,115955,,正常,1238,3
6199,1,,1239,1,5/115955SA,6,7,,56.5,生機:115955SA,,5125 ,A,,P100,50M,137,1,38566,38566,115955SA,5125, ,,X,215335B0,I040 ,1,56.5,34.2, ,A,1000,        ,   ,2016/4/22,1050,115955,,正常,1239,1
6200,2,,1239,1,5/115955SA,6,7,,56.5,生機:115955SA,,5126 ,A,,P100,50M,137,1,38566,38566,115955SA,5126, ,,X,215335B0,I040 ,1,56.5,34.2, ,A,1000,        ,   ,2016/4/22,1050,115955,,正常,1239,2
6201,1,,1240,1,5/115728VB,6,7,,45.7,生機:115728VB,,5001 ,B,,P100,50M,135,1,21465,21465,115728VB,5001, ,,X,225501A0,I055 ,1,45.7,17.7, ,B,1000,        ,   ,2016/6/4,1363,115728,,正常,1240,1
6202,1,,1241,1,5/115728VB,6,7,,57.9,生機:115728VB,,5016 ,A,,P100,50M,135,1,21465,21465,115728VB,5016, ,,X,225501A0,I055 ,1,57.9,22.4, ,A,1000,        ,   ,2016/6/14,1363,115728,,正常,1241,1
6203,2,,1241,1,5/115728VB,6,7,,58.3,生機:115728VB,,5017 ,A,,P100,50M,135,1,21465,21465,115728VB,5017, ,,X,225501A0,I055 ,1,58.3,22.6, ,A,1000,        ,   ,2016/6/14,1363,115728,,正常,1241,2
6204,3,,1241,1,5/115728VB,6,7,,58.2,生機:115728VB,,5046 ,A,,P100,50M,135,1,21465,21465,115728VB,5046, ,,X,225501B0,I049 ,1,58.2,22.5, ,A,1000,        ,   ,2016/6/14,1363,115728,,正常,1241,3
6205,4,,1241,1,5/115728VB,6,7,,58.2,生機:115728VB,,5047 ,A,,P100,50M,135,1,21465,21465,115728VB,5047, ,,X,225501B0,I049 ,1,58.2,22.5, ,A,1000,        ,   ,2016/6/14,1363,115728,,正常,1241,4
6206,1,,1242,1,5/115728VB,6,7,,58.3,生機:115728VB,,5018 ,A,,P100,50M,135,1,21465,21465,115728VB,5018, ,,X,225501A0,I055 ,1,58.3,22.6, ,A,1000,        ,   ,2016/6/15,1363,115728,,正常,1242,1
6207,2,,1242,1,5/115728VB,6,7,,58.3,生機:115728VB,,5019 ,A,,P100,50M,135,1,21465,21465,115728VB,5019, ,,X,225501A0,I055 ,1,58.3,22.6, ,A,1000,        ,   ,2016/6/15,1363,115728,,正常,1242,2
6208,3,,1242,1,5/115728VB,6,7,,58.1,生機:115728VB,,5020 ,A,,P100,50M,135,1,21465,21465,115728VB,5020, ,,X,225501A0,I055 ,1,58.1,22.5, ,A,1000,        ,   ,2016/6/15,1363,115728,,正常,1242,3
6209,4,,1242,1,5/115728VB,6,7,,58,生機:115728VB,,5021 ,A,,P100,50M,135,1,21465,21465,115728VB,5021, ,,X,225501A0,I055 ,1,58,22.4, ,A,1000,        ,   ,2016/6/15,1363,115728,,正常,1242,4
6210,5,,1242,1,5/115728VB,6,7,,58.3,生機:115728VB,,5048 ,A,,P100,50M,135,1,21465,21465,115728VB,5048, ,,X,225501B0,I049 ,1,58.3,22.6, ,A,1000,        ,   ,2016/6/15,1363,115728,,正常,1242,5
6211,6,,1242,1,5/115728VB,6,7,,58.2,生機:115728VB,,5049 ,A,,P100,50M,135,1,21465,21465,115728VB,5049, ,,X,225501B0,I049 ,1,58.2,22.5, ,A,1000,        ,   ,2016/6/15,1363,115728,,正常,1242,6
6212,7,,1242,1,5/115728VB,6,7,,58.4,生機:115728VB,,5050 ,A,,P100,50M,135,1,21465,21465,115728VB,5050, ,,X,225501B0,I049 ,1,58.4,22.6, ,A,1000,        ,   ,2016/6/15,1363,115728,,正常,1242,7
6213,8,,1242,1,5/115728VB,6,7,,58.1,生機:115728VB,,5051 ,A,,P100,50M,135,1,21465,21465,115728VB,5051, ,,X,225501B0,I049 ,1,58.1,22.5, ,A,1000,        ,   ,2016/6/15,1363,115728,,正常,1242,8
6214,1,,1243,1,5/115728VB,6,7,,58.2,生機:115728VB,,5022 ,A,,P100,50M,135,1,21465,21465,115728VB,5022, ,,X,225501A0,I055 ,1,58.2,22.5, ,A,1000,        ,   ,2016/6/16,1363,115728,,正常,1243,1
6215,2,,1243,1,5/115728VB,6,7,,58.4,生機:115728VB,,5023 ,A,,P100,50M,135,1,21465,21465,115728VB,5023, ,,X,225501A0,I055 ,1,58.4,22.6, ,A,1000,        ,   ,2016/6/16,1363,115728,,正常,1243,2
6216,3,,1243,1,5/115728VB,6,7,,58.3,生機:115728VB,,5053 ,A,,P100,50M,135,1,21465,21465,115728VB,5053, ,,X,225501B0,I049 ,1,58.3,22.6, ,A,1000,        ,   ,2016/6/16,1786,115728,,正常,1243,3
6217,1,,1244,1,5/115728VB,6,7,,58.5,生機:115728VB,,5024 ,A,,P100,50M,135,1,21465,21465,115728VB,5024, ,,X,225501A0,I055 ,1,58.5,22.6, ,A,1000,        ,   ,2016/6/17,1786,115728,,正常,1244,1
6218,2,,1244,1,5/115728VB,6,7,,58.4,生機:115728VB,,5025 ,A,,P100,50M,135,1,21465,21465,115728VB,5025, ,,X,225501A0,I055 ,1,58.4,22.6, ,A,1000,        ,   ,2016/6/17,1786,115728,,正常,1244,2
6219,3,,1244,1,5/115728VB,6,7,,58.5,生機:115728VB,,5054 ,A,,P100,50M,135,1,21465,21465,115728VB,5054, ,,X,225501B0,I049 ,1,58.5,22.6, ,A,1000,        ,   ,2016/6/17,1786,115728,,正常,1244,3
6220,4,,1244,1,5/115728VB,6,7,,58.3,生機:115728VB,,5055 ,A,,P100,50M,135,1,21465,21465,115728VB,5055, ,,X,225501B0,I049 ,1,58.3,22.6, ,A,1000,        ,   ,2016/6/17,1786,115728,,正常,1244,4
6221,1,,1245,1,5/115728VB,6,7,,58.4,生機:115728VB,,5026 ,A,,P100,50M,135,1,21465,21465,115728VB,5026, ,,X,225501A0,I055 ,1,58.4,22.6, ,A,1000,        ,   ,2016/6/20,1786,115728,,正常,1245,1
6222,2,,1245,1,5/115728VB,6,7,,58,生機:115728VB,,5027 ,A,,P100,50M,135,1,21465,21465,115728VB,5027, ,,X,225501A0,I055 ,1,58,22.4, ,A,1000,        ,   ,2016/6/20,1786,115728,,正常,1245,2
6223,3,,1245,1,5/115728VB,6,7,,58.6,生機:115728VB,,5028 ,A,,P100,50M,135,1,21465,21465,115728VB,5028, ,,X,225501A0,I055 ,1,58.6,22.7, ,A,1000,        ,   ,2016/6/20,1786,115728,,正常,1245,3
6224,4,,1245,1,5/115728VB,6,7,,58.5,生機:115728VB,,5029 ,A,,P100,50M,135,1,21465,21465,115728VB,5029, ,,X,225501A0,I055 ,1,58.5,22.6, ,A,1000,        ,   ,2016/6/20,1786,115728,,正常,1245,4
6225,5,,1245,1,5/115728VB,6,7,,58.5,生機:115728VB,,5056 ,A,,P100,50M,135,1,21465,21465,115728VB,5056, ,,X,225501B0,I049 ,1,58.5,22.6, ,A,1000,        ,   ,2016/6/20,1786,115728,,正常,1245,5
6226,6,,1245,1,5/115728VB,6,7,,58.2,生機:115728VB,,5057 ,A,,P100,50M,135,1,21465,21465,115728VB,5057, ,,X,225501B0,I049 ,1,58.2,22.5, ,A,1000,        ,   ,2016/6/20,1786,115728,,正常,1245,6
6227,1,,1246,1,5/115728VB,6,7,,58.2,生機:115728VB,,5030 ,A,,P100,50M,135,1,21465,21465,115728VB,5030, ,,X,225501A0,I055 ,1,58.2,22.5, ,A,1000,        ,   ,2016/6/21,1786,115728,,正常,1246,1
6228,2,,1246,1,5/115728VB,6,7,,58.4,生機:115728VB,,5058 ,A,,P100,50M,135,1,21465,21465,115728VB,5058, ,,X,225501B0,I049 ,1,58.4,22.6, ,A,1000,        ,   ,2016/6/21,1786,115728,,正常,1246,2
6229,3,,1246,1,5/115728VB,6,7,,58.5,生機:115728VB,,5059 ,A,,P100,50M,135,1,21465,21465,115728VB,5059, ,,X,225501B0,I049 ,1,58.5,22.6, ,A,1000,        ,   ,2016/6/21,1786,115728,,正常,1246,3
6230,4,,1246,1,5/115728VB,6,7,,58.4,生機:115728VB,,5060 ,A,,P100,50M,135,1,21465,21465,115728VB,5060, ,,X,225501B0,I049 ,1,58.4,22.6, ,A,1000,        ,   ,2016/6/21,1786,115728,,正常,1246,4
6231,1,,1247,1,5/039428PX,6,7,,57.7,生機: 39428PX,,6101 ,A,,P100,50M,160,1,22743,22743, 39428PX,6101, ,1,X,215659D0,I034 ,1,57.7,27.5, ,A,1000,        ,   ,2016/11/28,1794,39428,,正常,1247,1
6232,2,,1247,1,5/039428PX,6,7,,57.6,生機: 39428PX,,6102 ,A,,P100,50M,160,1,22743,22743, 39428PX,6102, ,,X,215659D0,I034 ,1,57.6,27.5, ,A,1000,        ,   ,2016/11/28,1794,39428,,正常,1247,2
6233,3,,1247,1,5/115769PK,6,7,,48.5,生機:115769PK,,6031 ,B,,P100,50M,125,1,23050,23050,115769PK,6031, ,,X,215724B0,I046 ,1,48.5,16, ,B,1000,        ,   ,2016/11/28,1890,115769,,正常,1247,3
6234,1,,1248,1,5/115769PK,6,7,,56.8,生機:115769PK,,6020 ,B,,P100,50M,125,1,23050,23050,115769PK,6020, ,,X,215724A0,I027 ,1,56.8,18.6, ,B,1000,        ,   ,2016/12/7,1890,115769,,正常,1248,1
6235,1,,1249,1,5/115769PK,6,7,,56.3,生機:115769PK,,6022 ,A,,P100,50M,125,1,23050,23050,115769PK,6022, ,,X,215724A0,I027 ,1,56.3,18.5, ,A,1000,        ,   ,2016/12/8,1813,115769,,正常,1249,1
6236,2,,1249,1,5/115769PK,6,7,,56.8,生機:115769PK,,6023 ,A,,P100,50M,125,1,23050,23050,115769PK,6023, ,,X,215724A0,I027 ,1,56.8,18.6, ,A,1000,        ,   ,2016/12/8,1813,115769,,正常,1249,2
6237,3,,1249,1,5/115769PK,6,7,,56.9,生機:115769PK,,6054 ,A,,P100,50M,125,1,23050,23050,115769PK,6054, ,,X,215724B0,I046 ,1,56.9,18.8, ,A,1000,        ,   ,2016/12/8,1813,115769,,正常,1249,3
6238,1,,1250,1,5/116089XF,6,7,,35.6,生機:116089XF,,6006 ,A,,P100,30M,148,1,20297,20297,116089XF,6006, ,,X,215796A1,I014 ,1,35.6,23.3, ,A,1000,        ,   ,2016/12/24,1483,116089,,正常,1250,1
6239,1,,1251,1,5/116089XF,6,7,,35.6,生機:116089XF,,6007 ,A,,P100,30M,148,1,20297,20297,116089XF,6007, ,,X,215796A1,I014 ,1,35.6,23.3, ,A,1000,        ,   ,2016/12/26,1483,116089,,正常,1251,1
6240,2,,1251,1,5/116089XF,6,7,,36,生機:116089XF,,6008 ,A,,P100,30M,148,1,20297,20297,116089XF,6008, ,,X,215796A1,I014 ,1,36,23.5, ,A,1000,        ,   ,2016/12/26,1483,116089,,正常,1251,2
6241,3,,1251,1,5/116089XF,6,7,,36,生機:116089XF,,6009 ,A,,P100,30M,148,1,20297,20297,116089XF,6009, ,,X,215796A1,I014 ,1,36,23.5, ,A,1000,        ,   ,2016/12/26,1483,116089,,正常,1251,3
6242,4,,1251,1,5/116089XF,6,7,,35.8,生機:116089XF,,6010 ,A,,P100,30M,148,1,20297,20297,116089XF,6010, ,,X,215796A1,I014 ,1,35.8,23.4, ,A,1000,        ,   ,2016/12/26,1483,116089,,正常,1251,4
6243,1,,1252,1,5/116089XF,6,7,,35.9,生機:116089XF,,6011 ,A,,P100,30M,148,1,20297,20297,116089XF,6011, ,,X,215796A1,I014 ,1,35.9,23.5, ,A,1000,        ,   ,2016/12/27,1483,116089,,正常,1252,1
6244,2,,1252,1,5/116089XF,6,7,,35.8,生機:116089XF,,6012 ,A,,P100,30M,148,1,20297,20297,116089XF,6012, ,,X,215796A1,I014 ,1,35.8,23.4, ,A,1000,        ,   ,2016/12/27,1483,116089,,正常,1252,2
6245,3,,1252,1,5/116089XF,6,7,,35.9,生機:116089XF,,6013 ,A,,P100,30M,148,1,20297,20297,116089XF,6013, ,,X,215796A1,I014 ,1,35.9,23.5, ,A,1000,        ,   ,2016/12/27,1483,116089,,正常,1252,3
6246,4,,1252,1,5/116089XF,6,7,,35.7,生機:116089XF,,6015 ,A,,P100,30M,148,1,20297,20297,116089XF,6015, ,,X,215796A1,I014 ,1,35.7,23.3, ,A,1000,        ,   ,2016/12/27,1483,116089,,正常,1252,4
6247,5,,1252,1,5/116089XF,6,7,,35.6,生機:116089XF,,6016 ,A,,P100,30M,148,1,20297,20297,116089XF,6016, ,,X,215796A1,I014 ,1,35.6,23.3, ,A,1000,        ,   ,2016/12/27,1483,116089,,正常,1252,5
6248,1,,1253,1,5/115769PK,6,7,,39.3,生機:115769PK,,6091 ,B,,P100,50M,125,1,23050,23050,115769PK,6091, ,,X,215725B0,I072 ,1,39.3,13, ,B,1000,        ,   ,2016/12/28,1813,115769,,正常,1253,1
6249,1,,1254,1,5/115769PK,6,7,,56.2,生機:115769PK,,6092 ,A,,P100,50M,125,1,23050,23050,115769PK,6092, ,,X,215725B0,I072 ,1,56.2,18.6, ,A,1000,        ,   ,2017/1/5,1260,115769,,正常,1254,1
6250,2,,1254,1,5/115769PK,6,7,,56.7,生機:115769PK,,6093 ,A,,P100,50M,125,1,23050,23050,115769PK,6093, ,,X,215725B0,I072 ,1,56.7,18.8, ,A,1000,        ,   ,2017/1/5,1260,115769,,正常,1254,2
6251,1,,1255,1,5/115769PK,6,7,,57,生機:115769PK,,6066 ,A,,P100,50M,125,1,23050,23050,115769PK,6066, ,,X,215725A0,I009 ,1,57,18.9, ,A,1000,        ,   ,2017/1/6,1260,115769,,正常,1255,1
6252,2,,1255,1,5/115769PK,6,7,,56.9,生機:115769PK,,6067 ,A,,P100,50M,125,1,23050,23050,115769PK,6067, ,,X,215725A0,I009 ,1,56.9,18.8, ,A,1000,        ,   ,2017/1/6,1260,115769,,正常,1255,2
6253,3,,1255,1,5/115769PK,6,7,,56.6,生機:115769PK,,6094 ,A,,P100,50M,125,1,23050,23050,115769PK,6094, ,,X,215725B0,I072 ,1,56.6,18.7, ,A,1000,        ,   ,2017/1/6,1260,115769,,正常,1255,3
6254,4,,1255,1,5/115769PK,6,7,,56.6,生機:115769PK,,6095 ,A,,P100,50M,125,1,23050,23050,115769PK,6095, ,,X,215725B0,I072 ,1,56.6,18.7, ,A,1000,        ,   ,2017/1/6,1260,115769,,正常,1255,4
6255,1,,1256,1,5/115769PK,6,7,,56.9,生機:115769PK,,6068 ,A,,P100,50M,125,1,23050,23050,115769PK,6068, ,,X,215725A0,I009 ,1,56.9,18.8, ,A,1000,        ,   ,2017/1/7,1260,115769,,正常,1256,1
6256,2,,1256,1,5/115769PK,6,7,,57.1,生機:115769PK,,6069 ,A,,P100,50M,125,1,23050,23050,115769PK,6069, ,,X,215725A0,I009 ,1,57.1,18.9, ,A,1000,        ,   ,2017/1/7,1260,115769,,正常,1256,2
6257,3,,1256,1,5/115769PK,6,7,,56.8,生機:115769PK,,6096 ,A,,P100,50M,125,1,23050,23050,115769PK,6096, ,,X,215725B0,I072 ,1,56.8,18.8, ,A,1000,        ,   ,2017/1/7,1260,115769,,正常,1256,3
6258,4,,1256,1,5/115769PK,6,7,,56.7,生機:115769PK,,6097 ,A,,P100,50M,125,1,23050,23050,115769PK,6097, ,,X,215725B0,I072 ,1,56.7,18.8, ,A,1000,        ,   ,2017/1/7,1260,115769,,正常,1256,4
6259,1,,1257,1,5/115769PK,6,7,,56.9,生機:115769PK,,6070 ,A,,P100,50M,125,1,23050,23050,115769PK,6070, ,,X,215725A0,I009 ,1,56.9,18.8, ,A,1000,        ,   ,2017/1/9,1260,115769,,正常,1257,1
6260,2,,1257,1,5/115769PK,6,7,,57,生機:115769PK,,6071 ,A,,P100,50M,125,1,23050,23050,115769PK,6071, ,,X,215725A0,I009 ,1,57,18.9, ,A,1000,        ,   ,2017/1/9,1260,115769,,正常,1257,2
6261,3,,1257,1,5/115769PK,6,7,,57.1,生機:115769PK,,6072 ,A,,P100,50M,125,1,23050,23050,115769PK,6072, ,,X,215725A0,I009 ,1,57.1,18.9, ,A,1000,        ,   ,2017/1/9,1260,115769,,正常,1257,3
6262,4,,1257,1,5/115769PK,6,7,,56.9,生機:115769PK,,6073 ,A,,P100,50M,125,1,23050,23050,115769PK,6073, ,,X,215725A0,I009 ,1,56.9,18.8, ,A,1000,        ,   ,2017/1/9,1260,115769,,正常,1257,4
6263,5,,1257,1,5/115769PK,6,7,,56.8,生機:115769PK,,6098 ,A,,P100,50M,125,1,23050,23050,115769PK,6098, ,,X,215725B0,I072 ,1,56.8,18.8, ,A,1000,        ,   ,2017/1/9,1260,115769,,正常,1257,5
6264,6,,1257,1,5/115769PK,6,7,,56.6,生機:115769PK,,6099 ,A,,P100,50M,125,1,23050,23050,115769PK,6099, ,,X,215725B0,I072 ,1,56.6,18.7, ,A,1000,        ,   ,2017/1/9,1260,115769,,正常,1257,6
6265,7,,1257,1,5/115769PK,6,7,,56.7,生機:115769PK,,6100 ,A,,P100,50M,125,1,23050,23050,115769PK,6100, ,,X,215725B0,I072 ,1,56.7,18.8, ,A,1000,        ,   ,2017/1/9,1260,115769,,正常,1257,7
6266,8,,1257,1,5/115769PK,6,7,,56.4,生機:115769PK,,6101 ,A,,P100,50M,125,1,23050,23050,115769PK,6101, ,,X,215725B0,I072 ,1,56.4,18.7, ,A,1000,        ,   ,2017/1/9,1260,115769,,正常,1257,8
6267,9,,1257,1,5/116089XF,6,7,,35.8,生機:116089XF,,6034 ,A,,P100,30M,148,1,20297,20297,116089XF,6034, ,,X,215796A1,I014 ,1,35.8,23.4, ,A,1000,        ,   ,2017/1/9,1650,116089,,正常,1257,9
6268,10,,1257,1,5/116089XF,6,7,,36,生機:116089XF,,6035 ,A,,P100,30M,148,1,20297,20297,116089XF,6035, ,,X,215796A1,I014 ,1,36,23.5, ,A,1000,        ,   ,2017/1/9,1650,116089,,正常,1257,10
6269,11,,1257,1,5/116089XF,6,7,,35.8,生機:116089XF,,6036 ,A,,P100,30M,148,1,20297,20297,116089XF,6036, ,,X,215796A1,I014 ,1,35.8,23.4, ,A,1000,        ,   ,2017/1/9,1650,116089,,正常,1257,11
6270,12,,1257,1,5/116089XF,6,7,,35.2,生機:116089XF,,6037 ,A,,P100,30M,148,1,20297,20297,116089XF,6037, ,,X,215796A1,I014 ,1,35.2,23, ,A,1000,        ,   ,2017/1/9,1650,116089,,正常,1257,12
6271,13,,1257,1,5/116089XF,6,7,,35.8,生機:116089XF,,6038 ,A,,P100,30M,148,1,20297,20297,116089XF,6038, ,,X,215796A1,I014 ,1,35.8,23.4, ,A,1000,        ,   ,2017/1/9,1650,116089,,正常,1257,13
6272,1,,1258,1,5/115769PK,6,7,,57.1,生機:115769PK,,6074 ,A,,P100,50M,125,1,23050,23050,115769PK,6074, ,,X,215725A0,I009 ,1,57.1,18.9, ,A,1000,        ,   ,2017/1/10,1260,115769,,正常,1258,1
6273,2,,1258,1,5/115769PK,6,7,,56.8,生機:115769PK,,6075 ,A,,P100,50M,125,1,23050,23050,115769PK,6075, ,,X,215725A0,I009 ,1,56.8,18.8, ,A,1000,        ,   ,2017/1/10,1260,115769,,正常,1258,2
6274,3,,1258,1,5/115769PK,6,7,,56.4,生機:115769PK,,6102 ,A,,P100,50M,125,1,23050,23050,115769PK,6102, ,,X,215725B0,I072 ,1,56.4,18.7, ,A,1000,        ,   ,2017/1/10,1260,115769,,正常,1258,3
6275,4,,1258,1,5/115769PK,6,7,,56.7,生機:115769PK,,6103 ,A,,P100,50M,125,1,23050,23050,115769PK,6103, ,,X,215725B0,I072 ,1,56.7,18.8, ,A,1000,        ,   ,2017/1/10,1260,115769,,正常,1258,4
6276,5,,1258,1,5/116089XF,6,7,,35.8,生機:116089XF,,6039 ,A,,P100,30M,148,1,20297,20297,116089XF,6039, ,,X,215796A1,I014 ,1,35.8,23.4, ,A,1000,        ,   ,2017/1/10,1650,116089,,正常,1258,5
6277,6,,1258,1,5/116089XF,6,7,,36,生機:116089XF,,6040 ,A,,P100,30M,148,1,20297,20297,116089XF,6040, ,,X,215796A1,I014 ,1,36,23.5, ,A,1000,        ,   ,2017/1/10,1650,116089,,正常,1258,6
6278,7,,1258,1,5/116089XF,6,7,,35.6,生機:116089XF,,6041 ,A,,P100,30M,148,1,20297,20297,116089XF,6041, ,,X,215796A1,I014 ,1,35.6,23.3, ,A,1000,        ,   ,2017/1/10,1650,116089,,正常,1258,7
6279,8,,1258,1,5/116089XF,6,7,,35.8,生機:116089XF,,6042 ,A,,P100,30M,148,1,20297,20297,116089XF,6042, ,,X,215796A1,I014 ,1,35.8,23.4, ,A,1000,        ,   ,2017/1/10,1650,116089,,正常,1258,8
6280,1,,1259,1,5/115769PK,6,7,,57,生機:115769PK,,6076 ,A,,P100,50M,125,1,23050,23050,115769PK,6076, ,,X,215725A0,I009 ,1,57,18.9, ,A,1000,        ,   ,2017/1/11,1804,115769,,正常,1259,1
6281,2,,1259,1,5/115769PK,6,7,,57,生機:115769PK,,6077 ,A,,P100,50M,125,1,23050,23050,115769PK,6077, ,,X,215725A0,I009 ,1,57,18.9, ,A,1000,        ,   ,2017/1/11,1804,115769,,正常,1259,2
6282,3,,1259,1,5/115769PK,6,7,,56.8,生機:115769PK,,6104 ,A,,P100,50M,125,1,23050,23050,115769PK,6104, ,,X,215725B0,I072 ,1,56.8,18.8, ,A,1000,        ,   ,2017/1/11,1260,115769,,正常,1259,3
6283,4,,1259,1,5/115769PK,6,7,,56.8,生機:115769PK,,6105 ,A,,P100,50M,125,1,23050,23050,115769PK,6105, ,,X,215725B0,I072 ,1,56.8,18.8, ,A,1000,        ,   ,2017/1/11,1804,115769,,正常,1259,4
6284,5,,1259,1,5/116089XF,6,7,,35.9,生機:116089XF,,6043 ,A,,P100,30M,148,1,20297,20297,116089XF,6043, ,,X,215796A1,I014 ,1,35.9,23.5, ,A,1000,        ,   ,2017/1/11,1650,116089,,正常,1259,5
6285,6,,1259,1,5/116089XF,6,7,,35.7,生機:116089XF,,6044 ,A,,P100,30M,148,1,20297,20297,116089XF,6044, ,,X,215796A1,I014 ,1,35.7,23.3, ,A,1000,        ,   ,2017/1/11,1650,116089,,正常,1259,6
6286,7,,1259,1,5/116089XF,6,7,,35.9,生機:116089XF,,6045 ,A,,P100,30M,148,1,20297,20297,116089XF,6045, ,,X,215796A1,I014 ,1,35.9,23.5, ,A,1000,        ,   ,2017/1/11,1650,116089,,正常,1259,7
6287,8,,1259,1,5/116089XF,6,7,,35.5,生機:116089XF,,6046 ,A,,P100,30M,148,1,20297,20297,116089XF,6046, ,,X,215796A1,I014 ,1,35.5,23.2, ,A,1000,        ,   ,2017/1/11,1650,116089,,正常,1259,8
6288,1,,1260,1,5/115769PK,6,7,,56.9,生機:115769PK,,6078 ,A,,P100,50M,125,1,23050,23050,115769PK,6078, ,,X,215725A0,I009 ,1,56.9,18.8, ,A,1000,        ,   ,2017/1/12,1804,115769,,正常,1260,1
6289,2,,1260,1,5/115769PK,6,7,,57,生機:115769PK,,6079 ,A,,P100,50M,125,1,23050,23050,115769PK,6079, ,,X,215725A0,I009 ,1,57,18.9, ,A,1000,        ,   ,2017/1/12,1804,115769,,正常,1260,2
6290,3,,1260,1,5/115769PK,6,7,,57,生機:115769PK,,6080 ,A,,P100,50M,125,1,23050,23050,115769PK,6080, ,,X,215725A0,I009 ,1,57,18.9, ,A,1000,        ,   ,2017/1/12,1804,115769,,正常,1260,3
6291,4,,1260,1,5/115769PK,6,7,,56.7,生機:115769PK,,6081 ,A,,P100,50M,125,1,23050,23050,115769PK,6081, ,,X,215725A0,I009 ,1,56.7,18.8, ,A,1000,        ,   ,2017/1/12,1804,115769,,正常,1260,4
6292,5,,1260,1,5/115769PK,6,7,,56.9,生機:115769PK,,6106 ,A,,P100,50M,125,1,23050,23050,115769PK,6106, ,,X,215725B0,I072 ,1,56.9,18.8, ,A,1000,        ,   ,2017/1/12,1804,115769,,正常,1260,5
6293,6,,1260,1,5/115769PK,6,7,,56.8,生機:115769PK,,6107 ,A,,P100,50M,125,1,23050,23050,115769PK,6107, ,,X,215725B0,I072 ,1,56.8,18.8, ,A,1000,        ,   ,2017/1/12,1804,115769,,正常,1260,6
6294,7,,1260,1,5/115769PK,6,7,,57,生機:115769PK,,6108 ,A,,P100,50M,125,1,23050,23050,115769PK,6108, ,,X,215725B0,I072 ,1,57,18.9, ,A,1000,        ,   ,2017/1/12,1804,115769,,正常,1260,7
6295,8,,1260,1,5/115769PK,6,7,,56.8,生機:115769PK,,6109 ,A,,P100,50M,125,1,23050,23050,115769PK,6109, ,,X,215725B0,I072 ,1,56.8,18.8, ,A,1000,        ,   ,2017/1/12,1804,115769,,正常,1260,8
6296,9,,1260,1,5/116089XF,6,7,,35.5,生機:116089XF,,6047 ,A,,P100,30M,148,1,20297,20297,116089XF,6047, ,,X,215796A1,I014 ,1,35.5,23.2, ,A,1000,        ,   ,2017/1/12,1650,116089,,正常,1260,9
6297,10,,1260,1,5/116089XF,6,7,,35.9,生機:116089XF,,6048 ,A,,P100,30M,148,1,20297,20297,116089XF,6048, ,,X,215796A1,I014 ,1,35.9,23.5, ,A,1000,        ,   ,2017/1/12,1650,116089,,正常,1260,10
6298,11,,1260,1,5/116089XF,6,7,,35.5,生機:116089XF,,6049 ,A,,P100,30M,148,1,20297,20297,116089XF,6049, ,,X,215796A1,I014 ,1,35.5,23.2, ,A,1000,        ,   ,2017/1/12,1650,116089,,正常,1260,11
6299,12,,1260,1,5/116089XF,6,7,,36,生機:116089XF,,6050 ,A,,P100,30M,148,1,20297,20297,116089XF,6050, ,,X,215796A1,I014 ,1,36,23.5, ,A,1000,        ,   ,2017/1/12,1650,116089,,正常,1260,12
6300,13,,1260,1,5/116089XF,6,7,,35.6,生機:116089XF,,6051 ,A,,P100,30M,148,1,20297,20297,116089XF,6051, ,,X,215796A1,I014 ,1,35.6,23.3, ,A,1000,        ,   ,2017/1/12,1650,116089,,正常,1260,13
6301,14,,1260,1,5/116089XF,6,7,,35.8,生機:116089XF,,6052 ,A,,P100,30M,148,1,20297,20297,116089XF,6052, ,,X,215796A1,I014 ,1,35.8,23.4, ,A,1000,        ,   ,2017/1/12,1650,116089,,正常,1260,14
6302,1,,1261,1,5/115769PK,6,7,,56.8,生機:115769PK,,6082 ,A,,P100,50M,125,1,23050,23050,115769PK,6082, ,,X,215725A0,I009 ,1,56.8,18.8, ,A,1000,        ,   ,2017/1/13,1804,115769,,正常,1261,1
6303,2,,1261,1,5/115769PK,6,7,,57,生機:115769PK,,6083 ,A,,P100,50M,125,1,23050,23050,115769PK,6083, ,,X,215725A0,I009 ,1,57,18.9, ,A,1000,        ,   ,2017/1/13,1804,115769,,正常,1261,2
6304,3,,1261,1,5/115769PK,6,7,,56.9,生機:115769PK,,6110 ,A,,P100,50M,125,1,23050,23050,115769PK,6110, ,,X,215725B0,I072 ,1,56.9,18.8, ,A,1000,        ,   ,2017/1/13,1804,115769,,正常,1261,3
6305,4,,1261,1,5/115769PK,6,7,,56.5,生機:115769PK,,6111 ,A,,P100,50M,125,1,23050,23050,115769PK,6111, ,,X,215725B0,I072 ,1,56.5,18.7, ,A,1000,        ,   ,2017/1/13,1804,115769,,正常,1261,4
6306,5,,1261,1,5/116089XF,6,7,,35.8,生機:116089XF,,6053 ,A,,P100,30M,148,1,20297,20297,116089XF,6053, ,,X,215796A1,I014 ,1,35.8,23.4, ,A,1000,        ,   ,2017/1/13,1650,116089,,正常,1261,5
6307,6,,1261,1,5/116089XF,6,7,,35.8,生機:116089XF,,6054 ,A,,P100,30M,148,1,20297,20297,116089XF,6054, ,,X,215796A1,I014 ,1,35.8,23.4, ,A,1000,        ,   ,2017/1/13,1650,116089,,正常,1261,6
6308,1,,1262,1,5/115769PK,6,7,,56.9,生機:115769PK,,6084 ,A,,P100,50M,125,1,23050,23050,115769PK,6084, ,,X,215725A0,I009 ,1,56.9,18.8, ,A,1000,        ,   ,2017/1/16,1804,115769,,正常,1262,1
6309,2,,1262,1,5/115769PK,6,7,,56.9,生機:115769PK,,6085 ,A,,P100,50M,125,1,23050,23050,115769PK,6085, ,,X,215725A0,I009 ,1,56.9,18.8, ,A,1000,        ,   ,2017/1/16,1804,115769,,正常,1262,2
6310,3,,1262,1,5/115769PK,6,7,,57.1,生機:115769PK,,6086 ,A,,P100,50M,125,1,23050,23050,115769PK,6086, ,,X,215725A0,I009 ,1,57.1,18.9, ,A,1000,        ,   ,2017/1/16,1804,115769,,正常,1262,3
6311,4,,1262,1,5/115769PK,6,7,,57,生機:115769PK,,6087 ,A,,P100,50M,125,1,23050,23050,115769PK,6087, ,,X,215725A0,I009 ,1,57,18.9, ,A,1000,        ,   ,2017/1/16,1804,115769,,正常,1262,4
6312,5,,1262,1,5/115769PK,6,7,,56.6,生機:115769PK,,6112 ,A,,P100,50M,125,1,23050,23050,115769PK,6112, ,,X,215725B0,I072 ,1,56.6,18.7, ,A,1000,        ,   ,2017/1/16,1977,115769,,正常,1262,5
6313,6,,1262,1,5/115769PK,6,7,,56.9,生機:115769PK,,6113 ,A,,P100,50M,125,1,23050,23050,115769PK,6113, ,,X,215725B0,I072 ,1,56.9,18.8, ,A,1000,        ,   ,2017/1/16,1804,115769,,正常,1262,6
6314,7,,1262,1,5/115769PK,6,7,,57.1,生機:115769PK,,6114 ,A,,P100,50M,125,1,23050,23050,115769PK,6114, ,,X,215725B0,I072 ,1,57.1,18.9, ,A,1000,        ,   ,2017/1/16,1977,115769,,正常,1262,7
6315,8,,1262,1,5/115769PK,6,7,,56.8,生機:115769PK,,6115 ,A,,P100,50M,125,1,23050,23050,115769PK,6115, ,,X,215725B0,I072 ,1,56.8,18.8, ,A,1000,        ,   ,2017/1/16,1977,115769,,正常,1262,8
6316,9,,1262,1,5/116089XF,6,7,,35.3,生機:116089XF,,6055 ,A,,P100,30M,148,1,20297,20297,116089XF,6055, ,,X,215796B0,I014 ,1,35.3,23.1, ,A,1000,        ,   ,2017/1/16,1650,116089,,正常,1262,9
6317,10,,1262,1,5/116089XF,6,7,,35.5,生機:116089XF,,6056 ,A,,P100,30M,148,1,20297,20297,116089XF,6056, ,,X,215796B0,I014 ,1,35.5,23.2, ,A,1000,        ,   ,2017/1/16,1650,116089,,正常,1262,10
6318,11,,1262,1,5/116089XF,6,7,,35.7,生機:116089XF,,6057 ,A,,P100,30M,148,1,20297,20297,116089XF,6057, ,,X,215796B0,I014 ,1,35.7,23.3, ,A,1000,        ,   ,2017/1/16,1650,116089,,正常,1262,11
6319,12,,1262,1,5/116089XF,6,7,,35.8,生機:116089XF,,6058 ,A,,P100,30M,148,1,20297,20297,116089XF,6058, ,,X,215796B0,I014 ,1,35.8,23.4, ,A,1000,        ,   ,2017/1/16,1650,116089,,正常,1262,12
6320,13,,1262,1,5/116089XF,6,7,,35.7,生機:116089XF,,6059 ,A,,P100,30M,148,1,20297,20297,116089XF,6059, ,,X,215796B0,I014 ,1,35.7,23.3, ,A,1000,        ,   ,2017/1/16,1650,116089,,正常,1262,13
6321,14,,1262,1,5/116089XF,6,7,,35.9,生機:116089XF,,6060 ,A,,P100,30M,148,1,20297,20297,116089XF,6060, ,,X,215796B0,I014 ,1,35.9,23.5, ,A,1000,        ,   ,2017/1/16,1650,116089,,正常,1262,14
6322,15,,1262,1,5/116089XF,6,7,,35.8,生機:116089XF,,6061 ,A,,P100,30M,148,1,20297,20297,116089XF,6061, ,,X,215796B0,I014 ,1,35.8,23.4, ,A,1000,        ,   ,2017/1/16,1650,116089,,正常,1262,15
6323,1,,1263,1,5/115769PK,6,7,,57.1,生機:115769PK,,6088 ,A,,P100,50M,125,1,23050,23050,115769PK,6088, ,,X,215725A0,I009 ,1,57.1,18.9, ,A,1000,        ,   ,2017/1/17,1977,115769,,正常,1263,1
6324,2,,1263,1,5/115769PK,6,7,,57,生機:115769PK,,6089 ,A,,P100,50M,125,1,23050,23050,115769PK,6089, ,,X,215725A0,I009 ,1,57,18.9, ,A,1000,        ,   ,2017/1/17,1977,115769,,正常,1263,2
6325,3,,1263,1,5/115769PK,6,7,,56.9,生機:115769PK,,6116 ,A,,P100,50M,125,1,23050,23050,115769PK,6116, ,,X,215725B0,I072 ,1,56.9,18.8, ,A,1000,        ,   ,2017/1/17,1977,115769,,正常,1263,3
6326,4,,1263,1,5/115769PK,6,7,,57,生機:115769PK,,6117 ,A,,P100,50M,125,1,23050,23050,115769PK,6117, ,,X,215725B0,I072 ,1,57,18.9, ,A,1000,        ,   ,2017/1/17,1977,115769,,正常,1263,4
6327,5,,1263,1,5/116089XF,6,7,,35.8,生機:116089XF,,6062 ,A,,P100,30M,148,1,20297,20297,116089XF,6062, ,,X,215796B0,I014 ,1,35.8,23.4, ,A,1000,        ,   ,2017/1/17,1986,116089,,正常,1263,5
6328,6,,1263,1,5/116089XF,6,7,,35.9,生機:116089XF,,6063 ,A,,P100,30M,148,1,20297,20297,116089XF,6063, ,,X,215796B0,I014 ,1,35.9,23.5, ,A,1000,        ,   ,2017/1/17,1986,116089,,正常,1263,6
6329,7,,1263,1,5/116089XF,6,7,,35.6,生機:116089XF,,6064 ,A,,P100,30M,148,1,20297,20297,116089XF,6064, ,,X,215796B0,I014 ,1,35.6,23.3, ,A,1000,        ,   ,2017/1/17,1986,116089,,正常,1263,7
6330,8,,1263,1,5/116089XF,6,7,,35.5,生機:116089XF,,6065 ,A,,P100,30M,148,1,20297,20297,116089XF,6065, ,,X,215796B0,I014 ,1,35.5,23.2, ,A,1000,        ,   ,2017/1/17,1986,116089,,正常,1263,8
6331,1,,1264,1,5/115769PK,6,7,,56.9,生機:115769PK,,6090 ,A,,P100,50M,125,1,23050,23050,115769PK,6090, ,,X,215725A0,I009 ,1,56.9,18.8, ,A,1000,        ,   ,2017/1/18,1977,115769,,正常,1264,1
6332,2,,1264,1,5/115769PK,6,7,,55.4,生機:115769PK,,6118 ,A,,P100,50M,125,1,23050,23050,115769PK,6118, ,,X,215725B0,I072 ,1,55.4,18.3, ,A,1000,        ,   ,2017/1/18,1977,115769,,正常,1264,2
6333,3,,1264,1,5/115769PK,6,7,,56.9,生機:115769PK,,6119 ,A,,P100,50M,125,1,23050,23050,115769PK,6119, ,,X,215725B0,I072 ,1,56.9,18.8, ,A,1000,        ,   ,2017/1/18,1977,115769,,正常,1264,3
6334,4,,1264,1,5/115769PK,6,7,,56.8,生機:115769PK,,6120 ,A,,P100,50M,125,1,23050,23050,115769PK,6120, ,,X,215725B0,I072 ,1,56.8,18.8, ,A,1000,        ,   ,2017/1/18,1977,115769,,正常,1264,4
6335,5,,1264,1,5/116089XF,6,7,,35.6,生機:116089XF,,6066 ,A,,P100,30M,148,1,20297,20297,116089XF,6066, ,,X,215796B0,I014 ,1,35.6,23.3, ,A,1000,        ,   ,2017/1/18,1986,116089,,正常,1264,5
6336,6,,1264,1,5/116089XF,6,7,,36,生機:116089XF,,6067 ,A,,P100,30M,148,1,20297,20297,116089XF,6067, ,,X,215796B0,I014 ,1,36,23.5, ,A,1000,        ,   ,2017/1/18,1986,116089,,正常,1264,6
6337,7,,1264,1,5/116089XF,6,7,,35.5,生機:116089XF,,6068 ,A,,P100,30M,148,1,20297,20297,116089XF,6068, ,,X,215796B0,I014 ,1,35.5,23.2, ,A,1000,        ,   ,2017/1/18,1986,116089,,正常,1264,7
6338,8,,1264,1,5/116089XF,6,7,,35.4,生機:116089XF,,6069 ,A,,P100,30M,148,1,20297,20297,116089XF,6069, ,,X,215796B0,I014 ,1,35.4,23.2, ,A,1000,        ,   ,2017/1/18,1986,116089,,正常,1264,8
6339,1,,1265,1,5/116089XF,6,7,,35.8,生機:116089XF,,6070 ,A,,P100,30M,148,1,20297,20297,116089XF,6070, ,,X,215796B0,I014 ,1,35.8,23.4, ,A,1000,        ,   ,2017/1/19,1986,116089,,正常,1265,1
6340,2,,1265,1,5/116089XF,6,7,,35.9,生機:116089XF,,6071 ,A,,P100,30M,148,1,20297,20297,116089XF,6071, ,,X,215796B0,I014 ,1,35.9,23.5, ,A,1000,        ,   ,2017/1/19,1986,116089,,正常,1265,2
6341,3,,1265,1,5/116089XF,6,7,,35.7,生機:116089XF,,6072 ,A,,P100,30M,148,1,20297,20297,116089XF,6072, ,,X,215796B0,I014 ,1,35.7,23.3, ,A,1000,        ,   ,2017/1/19,1986,116089,,正常,1265,3
6342,4,,1265,1,5/116089XF,6,7,,35.7,生機:116089XF,,6073 ,A,,P100,30M,148,1,20297,20297,116089XF,6073, ,,X,215796B0,I014 ,1,35.7,23.3, ,A,1000,        ,   ,2017/1/19,1986,116089,,正常,1265,4
6343,5,,1265,1,5/116089XF,6,7,,36,生機:116089XF,,6074 ,A,,P100,30M,148,1,20297,20297,116089XF,6074, ,,X,215796B0,I014 ,1,36,23.5, ,A,1000,        ,   ,2017/1/19,1986,116089,,正常,1265,5
6344,6,,1265,1,5/116089XF,6,7,,35.5,生機:116089XF,,6075 ,A,,P100,30M,148,1,20297,20297,116089XF,6075, ,,X,215796B0,I014 ,1,35.5,23.2, ,A,1000,        ,   ,2017/1/19,1986,116089,,正常,1265,6
6345,1,,1266,1,5/116089XF,6,7,,35.6,生機:116089XF,,6076 ,A,,P100,30M,148,1,20297,20297,116089XF,6076, ,,X,215796B0,I014 ,1,35.6,23.3, ,A,1000,        ,   ,2017/1/20,1986,116089,,正常,1266,1
6346,2,,1266,1,5/116089XF,6,7,,36.1,生機:116089XF,,6077 ,A,,P100,30M,148,1,20297,20297,116089XF,6077, ,,X,215796B0,I014 ,1,36.1,23.6, ,A,1000,        ,   ,2017/1/20,1986,116089,,正常,1266,2
6347,3,,1266,1,5/116089XF,6,7,,35,生機:116089XF,,6078 ,A,,P100,30M,148,1,20297,20297,116089XF,6078, ,,X,215796B0,I014 ,1,35,22.9, ,A,1000,        ,   ,2017/1/20,1986,116089,,正常,1266,3
6348,4,,1266,1,5/116089XF,6,7,,36.6,生機:116089XF,,6079 ,A,,P100,30M,148,1,20297,20297,116089XF,6079, ,,X,215796B0,I014 ,1,36.6,23.9, ,A,1000,        ,   ,2017/1/20,1986,116089,,正常,1266,4
6349,1,,1267,1,5/116089XF,6,7,,36,生機:116089XF,,6080 ,A,,P100,30M,148,1,20297,20297,116089XF,6080, ,,X,215796B0,I014 ,1,36,23.5, ,A,1000,        ,   ,2017/1/21,1986,116089,,正常,1267,1
6350,2,,1267,1,5/116089XF,6,7,,36,生機:116089XF,,6081 ,A,,P100,30M,148,1,20297,20297,116089XF,6081, ,,X,215796B0,I014 ,1,36,23.5, ,A,1000,        ,   ,2017/1/21,1986,116089,,正常,1267,2
6351,3,,1267,1,5/116089XF,6,7,,35.7,生機:116089XF,,6082 ,A,,P100,30M,148,1,20297,20297,116089XF,6082, ,,X,215796B0,I014 ,1,35.7,23.3, ,A,1000,        ,   ,2017/1/21,1986,116089,,正常,1267,3
6352,4,,1267,1,5/116089XF,6,7,,35.8,生機:116089XF,,6083 ,A,,P100,30M,148,1,20297,20297,116089XF,6083, ,,X,215796B0,I014 ,1,35.8,23.4, ,A,1000,        ,   ,2017/1/21,1986,116089,,正常,1267,4
6353,1,,1268,1,5/116089XF,6,7,,35.9,生機:116089XF,,6084 ,A,,P100,30M,148,1,20297,20297,116089XF,6084, ,,X,215796B0,I014 ,1,35.9,23.5, ,A,1000,        ,   ,2017/1/23,1986,116089,,正常,1268,1
6354,2,,1268,1,5/116089XF,6,7,,35.6,生機:116089XF,,6085 ,A,,P100,30M,148,1,20297,20297,116089XF,6085, ,,X,215796B0,I014 ,1,35.6,23.3, ,A,1000,        ,   ,2017/1/23,1986,116089,,正常,1268,2
6355,3,,1268,1,5/116089XF,6,7,,35.6,生機:116089XF,,6086 ,A,,P100,30M,148,1,20297,20297,116089XF,6086, ,,X,215796B0,I014 ,1,35.6,23.3, ,A,1000,        ,   ,2017/1/23,1986,116089,,正常,1268,3
6356,4,,1268,1,5/116089XF,6,7,,35.7,生機:116089XF,,6087 ,A,,P100,30M,148,1,20297,20297,116089XF,6087, ,,X,215796B0,I014 ,1,35.7,23.3, ,A,1000,        ,   ,2017/1/23,1986,116089,,正常,1268,4
6357,1,,1269,1,5/116089XF,6,7,,35.9,生機:116089XF,,6088 ,A,,P100,30M,148,1,20297,20297,116089XF,6088, ,,X,215796B0,I014 ,1,35.9,23.5, ,A,1000,        ,   ,2017/1/24,1986,116089,,正常,1269,1
6358,2,,1269,1,5/116089XF,6,7,,35.8,生機:116089XF,,6089 ,A,,P100,30M,148,1,20297,20297,116089XF,6089, ,,X,215796B0,I014 ,1,35.8,23.4, ,A,1000,        ,   ,2017/1/24,1986,116089,,正常,1269,2
6359,3,,1269,1,5/116089XF,6,7,,35.8,生機:116089XF,,6090 ,A,,P100,30M,148,1,20297,20297,116089XF,6090, ,,X,215796B0,I014 ,1,35.8,23.4, ,A,1000,        ,   ,2017/1/24,1953,116089,,正常,1269,3
6360,4,,1269,1,5/116089XF,6,7,,35.9,生機:116089XF,,6091 ,A,,P100,30M,148,1,20297,20297,116089XF,6091, ,,X,215796B0,I014 ,1,35.9,23.5, ,A,1000,        ,   ,2017/1/24,1953,116089,,正常,1269,4
6361,1,,1270,1,5/116089XF,6,7,,35.7,生機:116089XF,,6092 ,A,,P100,30M,148,1,20297,20297,116089XF,6092, ,,X,215796B0,I014 ,1,35.7,23.3, ,A,1000,        ,   ,2017/1/25,1953,116089,,正常,1270,1
6362,2,,1270,1,5/116089XF,6,7,,35.8,生機:116089XF,,6093 ,A,,P100,30M,148,1,20297,20297,116089XF,6093, ,,X,215796B0,I014 ,1,35.8,23.4, ,A,1000,        ,   ,2017/1/25,1953,116089,,正常,1270,2
6363,3,,1270,1,5/116089XF,6,7,,35.9,生機:116089XF,,6094 ,A,,P100,30M,148,1,20297,20297,116089XF,6094, ,,X,215796B0,I014 ,1,35.9,23.5, ,A,1000,        ,   ,2017/1/25,1953,116089,,正常,1270,3
6364,4,,1270,1,5/116089XF,6,7,,35.9,生機:116089XF,,6095 ,A,,P100,30M,148,1,20297,20297,116089XF,6095, ,,X,215796B0,I014 ,1,35.9,23.5, ,A,1000,        ,   ,2017/1/25,1953,116089,,正常,1270,4
6365,5,,1270,1,5/116089XF,6,7,,35.3,生機:116089XF,,6096 ,A,,P100,30M,148,1,20297,20297,116089XF,6096, ,,X,215796B0,I014 ,1,35.3,23.1, ,A,1000,        ,   ,2017/1/25,1953,116089,,正常,1270,5
6366,6,,1270,1,5/116089XF,6,7,,35.8,生機:116089XF,,6097 ,A,,P100,30M,148,1,20297,20297,116089XF,6097, ,,X,215796B0,I014 ,1,35.8,23.4, ,A,1000,        ,   ,2017/1/25,1953,116089,,正常,1270,6
6367,1,,1271,1,5/116089XF,6,7,,35.8,生機:116089XF,,6098 ,A,,P100,30M,148,1,20297,20297,116089XF,6098, ,,X,215796B0,I014 ,1,35.8,23.4, ,A,1000,        ,   ,2017/1/26,1953,116089,,正常,1271,1
6368,2,,1271,1,5/116089XF,6,7,,35.6,生機:116089XF,,6099 ,A,,P100,30M,148,1,20297,20297,116089XF,6099, ,,X,215796B0,I014 ,1,35.6,23.3, ,A,1000,        ,   ,2017/1/26,1953,116089,,正常,1271,2
6369,3,,1271,1,5/116089XF,6,7,,35.8,生機:116089XF,,6100 ,A,,P100,30M,148,1,20297,20297,116089XF,6100, ,,X,215796B0,I014 ,1,35.8,23.4, ,A,1000,        ,   ,2017/1/26,1953,116089,,正常,1271,3
6370,4,,1271,1,5/116089XF,6,7,,35.9,生機:116089XF,,6101 ,A,,P100,30M,148,1,20297,20297,116089XF,6101, ,,X,215796B0,I014 ,1,35.9,23.5, ,A,1000,        ,   ,2017/1/26,1953,116089,,正常,1271,4
6371,1,,1272,1,5/116089XF,6,7,,35.8,生機:116089XF,,6102 ,A,,P100,30M,148,1,20297,20297,116089XF,6102, ,,X,215796B0,I014 ,1,35.8,23.4, ,A,1000,        ,   ,2017/1/27,1953,116089,,正常,1272,1
6372,2,,1272,1,5/116089XF,6,7,,35.8,生機:116089XF,,6103 ,A,,P100,30M,148,1,20297,20297,116089XF,6103, ,,X,215796B0,I014 ,1,35.8,23.4, ,A,1000,        ,   ,2017/1/27,1953,116089,,正常,1272,2
6373,3,,1272,1,5/116089XF,6,7,,35.9,生機:116089XF,,6104 ,A,,P100,30M,148,1,20297,20297,116089XF,6104, ,,X,215796B0,I014 ,1,35.9,23.5, ,A,1000,        ,   ,2017/1/27,1953,116089,,正常,1272,3
6374,4,,1272,1,5/116089XF,6,7,,35.8,生機:116089XF,,6105 ,A,,P100,30M,148,1,20297,20297,116089XF,6105, ,,X,215796B0,I014 ,1,35.8,23.4, ,A,1000,        ,   ,2017/1/27,1953,116089,,正常,1272,4
6375,5,,1272,1,5/116089XF,6,7,,35.3,生機:116089XF,,6106 ,A,,P100,30M,148,1,20297,20297,116089XF,6106, ,,X,215796B0,I014 ,1,35.3,23.1, ,A,1000,        ,   ,2017/1/27,1953,116089,,正常,1272,5
6376,6,,1272,1,5/116089XF,6,7,,35.8,生機:116089XF,,6107 ,A,,P100,30M,148,1,20297,20297,116089XF,6107, ,,X,215796B0,I014 ,1,35.8,23.4, ,A,1000,        ,   ,2017/1/27,1953,116089,,正常,1272,6
6377,1,,1273,1,5/116089XF,6,7,,34.5,生機:116089XF,,6108 ,B,,P100,30M,148,1,20297,20297,116089XF,6108, ,,X,215796B0,I014 ,1,34.5,22.6, ,B,1000,        ,   ,2017/1/30,1953,116089,,正常,1273,1
6378,1,,1274,1,5/039428PX,6,7,,56.6,生機: 39428PX,,6103 ,A,,P100,50M,160,1,22743,22743, 39428PX,6103, ,,X,215858A0,I071 ,1,56.6,27.2, ,A,1000,        ,   ,2017/2/24,1794,39428,,正常,1274,1
6379,2,,1274,1,5/039428PX,6,7,,56.8,生機: 39428PX,,6104 ,A,,P100,50M,160,1,22743,22743, 39428PX,6104, ,,X,215858A0,I071 ,1,56.8,27.3, ,A,1000,        ,   ,2017/2/24,1794,39428,,正常,1274,2
6380,3,,1274,1,5/039428PX,6,7,,57.1,生機: 39428PX,,6105 ,A,,P100,50M,160,1,22743,22743, 39428PX,6105, ,,X,215858A0,I071 ,1,57.1,27.5, ,A,1000,        ,   ,2017/2/24,1794,39428,,正常,1274,3
6381,4,,1274,1,5/039428PX,6,7,,57.4,生機: 39428PX,,6129 ,B,,P100,50M,160,1,22743,22743, 39428PX,6129, ,,X,215858B0,I072 ,1,57.4,27.7, ,B,1000,        ,   ,2017/2/24,1794,39428,,正常,1274,4
6382,5,,1274,1,5/039428PX,6,7,,56.7,生機: 39428PX,,6130 ,A,,P100,50M,160,1,22743,22743, 39428PX,6130, ,,X,215858B0,I072 ,1,56.7,27.4, ,A,1000,        ,   ,2017/2/24,1794,39428,,正常,1274,5
6383,6,,1274,1,5/039428PX,6,7,,57.1,生機: 39428PX,,6131 ,A,,P100,50M,160,1,22743,22743, 39428PX,6131, ,,X,215858B0,I072 ,1,57.1,27.6, ,A,1000,        ,   ,2017/2/24,1794,39428,,正常,1274,6
6384,1,,1275,1,5/039428PX,6,7,,57.3,生機: 39428PX,,6106 ,A,,P100,50M,160,1,22743,22743, 39428PX,6106, ,,X,215858A0,I071 ,1,57.3,27.6, ,A,1000,        ,   ,2017/2/27,1794,39428,,正常,1275,1
6385,2,,1275,1,5/039428PX,6,7,,57,生機: 39428PX,,6107 ,A,,P100,50M,160,1,22743,22743, 39428PX,6107, ,,X,215858A0,I071 ,1,57,27.4, ,A,1000,        ,   ,2017/2/27,1794,39428,,正常,1275,2
6386,3,,1275,1,5/039428PX,6,7,,57.1,生機: 39428PX,,6108 ,A,,P100,50M,160,1,22743,22743, 39428PX,6108, ,,X,215858A0,I071 ,1,57.1,27.5, ,A,1000,        ,   ,2017/2/27,1794,39428,,正常,1275,3
6387,4,,1275,1,5/039428PX,6,7,,57.1,生機: 39428PX,,6109 ,A,,P100,50M,160,1,22743,22743, 39428PX,6109, ,,X,215858A0,I071 ,1,57.1,27.5, ,A,1000,        ,   ,2017/2/27,1794,39428,,正常,1275,4
6388,1,,1276,1,5/039428PX,6,7,,57.3,生機: 39428PX,,6110 ,A,,P100,50M,160,1,22743,22743, 39428PX,6110, ,,X,215858A0,I071 ,1,57.3,27.6, ,A,1000,        ,   ,2017/2/28,1794,39428,,正常,1276,1
6389,2,,1276,1,5/039428PX,6,7,,57.2,生機: 39428PX,,6111 ,A,,P100,50M,160,1,22743,22743, 39428PX,6111, ,,X,215858A0,I071 ,1,57.2,27.5, ,A,1000,        ,   ,2017/2/28,1900,39428,,正常,1276,2
6390,3,,1276,1,5/039428PX,6,7,,57.2,生機: 39428PX,,6112 ,A,,P100,50M,160,1,22743,22743, 39428PX,6112, ,,X,215858A0,I071 ,1,57.2,27.5, ,A,1000,        ,   ,2017/2/28,1900,39428,,正常,1276,3
6391,4,,1276,1,5/039428PX,6,7,,56.9,生機: 39428PX,,6113 ,A,,P100,50M,160,1,22743,22743, 39428PX,6113, ,,X,215858A0,I071 ,1,56.9,27.4, ,A,1000,        ,   ,2017/2/28,1900,39428,,正常,1276,4
6392,5,,1276,1,5/039428PX,6,7,,57.4,生機: 39428PX,,6132 ,A,,P100,50M,160,1,22743,22743, 39428PX,6132, ,,X,215858B0,I072 ,1,57.4,27.7, ,A,1000,        ,   ,2017/2/28,1794,39428,,正常,1276,5
6393,6,,1276,1,5/039428PX,6,7,,57.4,生機: 39428PX,,6133 ,A,,P100,50M,160,1,22743,22743, 39428PX,6133, ,,X,215858B0,I072 ,1,57.4,27.7, ,A,1000,        ,   ,2017/2/28,1794,39428,,正常,1276,6
6394,7,,1276,1,5/039428PX,6,7,,57.4,生機: 39428PX,,6134 ,A,,P100,50M,160,1,22743,22743, 39428PX,6134, ,,X,215858B0,I072 ,1,57.4,27.7, ,A,1000,        ,   ,2017/2/28,1900,39428,,正常,1276,7
6395,8,,1276,1,5/039428PX,6,7,,57.2,生機: 39428PX,,6135 ,A,,P100,50M,160,1,22743,22743, 39428PX,6135, ,,X,215858B0,I072 ,1,57.2,27.6, ,A,1000,        ,   ,2017/2/28,1900,39428,,正常,1276,8
